id,timestamp,country,platform_fee,ai_price,advanced_price,basic_marketing_price,basic_utility_price,user_name,currency,ai_rate_card_price,advanced_rate_card_price,basic_marketing_rate_card_price,basic_utility_rate_card_price,ai_volume,advanced_volume,basic_marketing_volume,basic_utility_volume,bot_ui_manday_rate,custom_ai_manday_rate,bot_ui_mandays,custom_ai_mandays,calculation_id,calculation_route,committed_amount,region,voice_notes_price,voice_notes_model,voice_notes_rate
621,2025-09-19 06:40:27.242404,India,100000.0,1.0,0.3,0.15,0.03,Ankit,₹,1.0,0.3,0.15,0.03,0.0,250000.0,0.0,0.0,20000.0,30000.0,0.5,0.0,BREAKFAST-PANEER-E3BCB935,volumes,,South,,,
620,2025-09-18 08:01:39.570156,India,100000.0,1.0,0.5,0.15,0.03,sid,₹,1.0,0.5,0.15,0.03,20000.0,20000.0,10000.0,0.0,20000.0,30000.0,3.5,0.0,TANDOORI-BREAKFAST-CHAI-TIME-19FC38AD,volumes,,North,,,
619,2025-09-18 07:59:18.701286,MENA,1650.0,0.0154,0.0082,0.0041,0.008,sid,$,0.0154,0.0082,0.0041,0.008,20000.0,15000.0,10000.0,0.0,300.0,500.0,3.5,0.0,CHAI-TIME-BREAKFAST-PLAIN-JANE-C145DB3F,volumes,,UAE,,,
618,2025-09-17 17:13:30.146944,LATAM,1650.0,0.0267,0.0082,0.008,0.008,Mariana,$,0.0267,0.0082,0.008,0.008,0.0,75000.0,0.0,0.0,400.0,500.0,3.5,0.0,03243a7d-f312-47bd-8dfe-2570942c16aa,volumes,,Brazil,,,
617,2025-09-17 09:20:04.699264,MENA,1650.0,0.0154,0.0082,0.008,0.008,Siddharth,$,0.0154,0.0082,0.008,0.008,25000.0,20000.0,0.0,0.0,300.0,500.0,0.5,0.0,ce74086c-1323-4e47-88b4-a3994ab6e553,volumes,,UAE,,,
616,2025-09-17 09:17:10.091388,MENA,2500.0,0.0154,0.0082,0.0041,0.008,Siddharth,$,0.0154,0.0082,0.0041,0.008,35000.0,30000.0,10000.0,0.0,300.0,500.0,0.5,0.0,CHEESE-BREAKFAST-C5CB4E20,volumes,,UAE,,,
615,2025-09-17 09:00:23.512967,India,275000.0,0.65,0.15,0.15,0.024,NIKHIL,₹,0.65,0.15,0.15,0.024,1000000.0,1000000.0,0.0,50000.0,20000.0,30000.0,190.5,90.0,BREAKFAST-TANDOORI-A677551C,volumes,,South,,,
614,2025-09-17 08:49:10.827146,India,500000.0,0.65,0.15,0.15,0.024,Gourav,₹,0.65,0.15,0.15,0.024,1000000.0,2000000.0,0.0,50000.0,20000.0,30000.0,378.5,100.0,BREAKFAST-CHAI-TIME-PANEER-0334B2C1,volumes,,South,,,
613,2025-09-17 05:33:42.195842,India,100000.0,1.0,0.5,0.15,0.03,Puru Chauhan,₹,1.0,0.5,0.15,0.03,0.0,0.0,0.0,0.0,20000.0,30000.0,5.5,0.0,MIDNIGHT-SNACK-MARGHERITA-ROTI-86A4877F,volumes,0.0,North,,,
612,2025-09-16 11:03:59.848173,India,100000.0,1.0,0.5,0.15,0.03,Puru Chauhan,₹,1.0,0.5,0.15,0.03,0.0,0.0,0.0,0.0,20000.0,30000.0,5.5,10.0,TANDOORI-LUNCH-D4849DCF,volumes,0.0,North,,,
611,2025-09-16 08:18:57.982726,India,100000.0,1.0,0.5,0.15,0.03,Puru Chauhan,₹,1.0,0.5,0.15,0.03,0.0,0.0,0.0,0.0,20000.0,30000.0,7.5,0.0,f064ebc2-a669-4af6-ab0c-fd1bb0a594d9,volumes,0.0,North,,,
610,2025-09-16 08:17:59.616377,India,100000.0,1.0,0.5,0.15,0.03,Puru Chauhan,₹,1.0,0.5,0.15,0.03,0.0,0.0,0.0,0.0,20000.0,30000.0,8.5,0.0,CHAI-TIME-BREAKFAST-MARGHERITA-E8969372,volumes,0.0,North,,,
609,2025-09-16 08:09:44.925472,India,100000.0,1.0,0.5,0.15,0.03,Puru Chauhan,₹,1.0,0.5,0.15,0.03,0.0,0.0,0.0,0.0,20000.0,30000.0,5.5,0.0,CHAI-TIME-PLAIN-JANE-GULAB-JAMUN-2E83EA92,volumes,0.0,North,,,
608,2025-09-16 08:01:30.930132,Europe,1650.0,0.0267,0.0082,0.0041,0.0041,Saathwik,$,0.0267,0.0082,0.0041,0.0041,0.0,50000.0,10000.0,10000.0,300.0,420.0,1.5,0.0,CHAI-TIME-PLAIN-JANE-BREAKFAST-246ADA81,volumes,,,,,
607,2025-09-15 13:38:26.177725,MENA,2500.0,0.0154,0.0082,0.008,0.008,Siddharth,$,0.0154,0.0082,0.008,0.008,10000.0,10000.0,0.0,0.0,300.0,500.0,3.5,0.0,LUNCH-CHEESE-1CEC38AB,volumes,,KSA,,,
606,2025-09-15 13:25:22.232674,MENA,2500.0,0.0154,0.0082,0.0041,0.008,Siddharth,$,0.0154,0.0082,0.0041,0.008,15000.0,10000.0,60000.0,0.0,300.0,500.0,6.5,0.0,a1ebded7-5933-4097-a8fd-c282fbfdf477,volumes,,KSA,,,
605,2025-09-15 11:18:03.234660,Africa,1250.0,0.015,0.006,0.003,0.003,Saathwik,$,0.015,0.006,0.003,0.003,20000.0,10000.0,5000.0,5000.0,300.0,420.0,13.5,20.0,LUNCH-PLAIN-JANE-93854D85,volumes,,Nigeria,,,
604,2025-09-15 11:00:46.531693,India,100000.0,1.0,0.45,0.12,0.024,Kat,₹,1.0,0.45,0.12,0.024,0.0,50000.0,100000.0,100000.0,20000.0,30000.0,4.5,0.0,f16c5a99-46bf-4c7b-a077-7ff752c249dc,volumes,,South,,,
603,2025-09-15 10:41:58.225938,India,100000.0,1.0,0.5,0.15,0.03,Nikhil ,₹,1.0,0.5,0.15,0.03,8400.0,14000.0,5600.0,0.0,20000.0,30000.0,7.5,10.0,9197d6ac-b1db-49ed-946e-f32eee347b27,volumes,,North,,,
602,2025-09-15 09:18:14.848395,India,150000.0,1.0,0.5,0.15,0.03,Gourav,₹,1.0,0.5,0.15,0.03,0.0,0.0,0.0,0.0,20000.0,30000.0,5.5,10.0,BREAKFAST-PLAIN-JANE-FCD5C35F,volumes,0.0,North,,,
601,2025-09-15 08:56:22.929136,India,150000.0,1.0,0.5,0.15,0.03,Gourav,₹,1.0,0.5,0.15,0.03,0.0,0.0,0.0,0.0,20000.0,30000.0,4.5,10.0,CHEESE-CHAI-TIME-BREAKFAST-4F8793ED,volumes,0.0,North,,,
600,2025-09-15 07:15:02.855529,India,100000.0,1.0,0.45,0.15,0.03,Kat,₹,1.0,0.45,0.15,0.03,0.0,50000.0,0.0,0.0,20000.0,30000.0,7.5,0.0,CHAI-TIME-BREAKFAST-TANDOORI-B9BFFCA9,volumes,,South,,,
599,2025-09-12 12:55:08.021206,India,100000.0,1.0,0.45,0.15,0.03,Ankit,₹,1.0,0.45,0.15,0.03,0.0,100000.0,0.0,0.0,20000.0,30000.0,0.0,0.0,PANEER-LUNCH-8B53A704,volumes,,South,,,
598,2025-09-12 12:49:05.044601,India,100000.0,1.0,0.5,0.15,0.03,Puru Chauhan,₹,1.0,0.5,0.15,0.03,0.0,0.0,0.0,0.0,20000.0,30000.0,5.5,10.0,LUNCH-TANDOORI-023227E2,volumes,0.0,North,,,
597,2025-09-12 12:46:18.458646,India,100000.0,1.0,0.5,0.15,0.03,Puru Chauhan,₹,1.0,0.5,0.15,0.03,0.0,0.0,0.0,0.0,20000.0,30000.0,6.5,10.0,MARGHERITA-SAMOSA-LUNCH-51C74135,volumes,0.0,North,,,
596,2025-09-12 09:20:03.952056,India,200000.0,0.95,0.45,0.12,0.024,Kat,₹,0.95,0.45,0.12,0.024,100000.0,50000.0,100000.0,100000.0,20000.0,30000.0,15.5,20.0,CHEESE-BREAKFAST-CE43D53B,volumes,,South,,,
595,2025-09-12 09:19:34.870688,India,100000.0,0.95,0.45,0.12,0.024,Kat,₹,0.95,0.45,0.12,0.024,100000.0,50000.0,100000.0,100000.0,20000.0,30000.0,15.5,20.0,BREAKFAST-PLAIN-JANE-SAMOSA-63BFA527,volumes,,South,,,
594,2025-09-12 09:19:04.955465,India,100000.0,1.0,0.45,0.12,0.024,Kat,₹,1.0,0.45,0.12,0.024,0.0,50000.0,100000.0,100000.0,20000.0,30000.0,15.5,20.0,CHEESE-SAMOSA-BREAKFAST-1FE6D5E5,volumes,,South,,,
593,2025-09-12 09:18:30.256103,India,100000.0,1.0,0.45,0.12,0.024,Kat,₹,1.0,0.45,0.12,0.024,0.0,50000.0,100000.0,100000.0,20000.0,30000.0,12.5,0.0,CHEESE-BREAKFAST-JALEBI-6C6C766E,volumes,,South,,,
592,2025-09-12 09:15:27.878885,India,100000.0,1.0,0.45,0.12,0.024,Kat,₹,1.0,0.45,0.12,0.024,0.0,50000.0,100000.0,100000.0,20000.0,30000.0,12.5,0.0,CHEESE-BREAKFAST-JALEBI-6C6C766E,volumes,,South,,,
591,2025-09-12 09:08:21.757937,India,100000.0,1.0,0.45,0.12,0.024,Kat,₹,1.0,0.45,0.12,0.024,0.0,50000.0,100000.0,100000.0,20000.0,30000.0,16.5,0.0,PLAIN-JANE-BREAKFAST-FBCB2CA5,volumes,,South,,,
589,2025-09-10 08:48:08.553415,India,100000.0,1.0,0.5,0.15,0.03,Puru Chauhan,₹,1.0,0.5,0.15,0.03,0.0,0.0,0.0,0.0,20000.0,30000.0,5.5,10.0,BREAKFAST-PLAIN-JANE-BIRYANI-00A845BF,volumes,0.0,North,,,
573,2025-09-10 07:34:00.804220,India,120000.0,1.0,0.5,0.15,0.03,Puru,₹,1.0,0.5,0.15,0.03,0.0,0.0,0.0,0.0,20000.0,30000.0,11.5,0.0,CHAI-TIME-BREAKFAST-PLAIN-JANE-6A0CB75F,volumes,0.0,West,,,
572,2025-09-10 07:33:09.610215,India,100000.0,1.0,0.5,0.15,0.03,Puru,₹,1.0,0.5,0.15,0.03,0.0,0.0,0.0,0.0,20000.0,30000.0,11.5,0.0,GULAB-JAMUN-BREAKFAST-PLAIN-JANE-E001BAA7,volumes,0.0,West,,,
571,2025-09-10 07:27:43.663512,India,100000.0,1.0,0.5,0.15,0.03,Puru Chauhan,₹,1.0,0.5,0.15,0.03,0.0,0.0,0.0,0.0,20000.0,30000.0,5.5,10.0,BREAKFAST-PLAIN-JANE-BIRYANI-00A845BF,volumes,0.0,North,,,
570,2025-09-10 07:12:16.571497,India,100000.0,1.0,0.5,0.15,0.03,Puru Chauhan,₹,1.0,0.5,0.15,0.03,0.0,0.0,0.0,0.0,20000.0,30000.0,5.5,10.0,BREAKFAST-PLAIN-JANE-BIRYANI-00A845BF,volumes,0.0,North,,,
569,2025-09-09 14:53:05.850402,LATAM,2500.0,0.0267,0.0082,0.008,0.008,Mariana,$,0.0267,0.0082,0.008,0.008,0.0,20000.0,0.0,0.0,400.0,500.0,3.5,0.0,LUNCH-PANEER-65CE0072,volumes,,Brazil,,,
522,2025-09-09 04:48:57.875473,Rest of the World,1650.0,0.0105,0.007,0.0021,0.0013,Saathwik,$,0.0105,0.007,0.0021,0.0013,0.0,0.0,0.0,0.0,300.0,420.0,1.5,0.0,MIDNIGHT-SNACK-TANDOORI-92350537,volumes,0.0,,,,
521,2025-09-09 04:46:57.311513,Rest of the World,3350.0,0.0105,0.007,0.0021,0.0013,Saathwik,$,0.0105,0.007,0.0021,0.0013,20000.0,0.0,0.0,0.0,300.0,420.0,1.5,0.0,MARGHERITA-ROTI-LUNCH-1BA774D7,volumes,,,,,
520,2025-09-08 11:00:53.796082,Rest of the World,3350.0,0.0105,0.007,0.0021,0.0013,Saathwik,$,0.0105,0.007,0.0021,0.0013,20000.0,0.0,0.0,0.0,300.0,420.0,1.5,0.0,MARGHERITA-ROTI-LUNCH-1BA774D7,volumes,,,,,
519,2025-09-08 10:38:33.690606,Rest of the World,2000.0,0.0105,0.007,0.0021,0.0013,Saathwik,$,0.0105,0.007,0.0021,0.0013,20000.0,0.0,0.0,0.0,300.0,420.0,1.5,0.0,BREAKFAST-TANDOORI-730E8126,volumes,,,,,
518,2025-09-08 09:42:43.510512,India,150000.0,1.0,0.45,0.03,0.006,Nitin,₹,1.0,0.45,0.03,0.006,0.0,50000.0,1000000.0,1000000.0,20000.0,30000.0,8.5,0.0,PLAIN-JANE-BREAKFAST-A9058251,volumes,,North,,,
517,2025-09-08 09:31:05.602747,India,100000.0,1.0,0.5,0.15,0.03,Kat,₹,1.0,0.5,0.15,0.03,0.0,0.0,0.0,0.0,20000.0,30000.0,6.5,0.0,TANDOORI-BREAKFAST-BIRYANI-62472685,volumes,0.0,South,,,
516,2025-09-08 09:30:32.264116,India,100000.0,0.95,0.45,0.12,0.024,Kat,₹,1.0,0.5,0.15,0.03,0.0,0.0,0.0,0.0,20000.0,30000.0,7.5,0.0,MARGHERITA-BREAKFAST-53353D04,bundle,50000.0,South,,,
515,2025-09-08 08:25:49.574695,MENA,2500.0,0.0154,0.0108,0.008,0.008,Gargi Upadhyay,$,0.0154,0.0108,0.008,0.008,10000.0,5000.0,0.0,0.0,300.0,500.0,6.5,10.0,MARGHERITA-CHAI-TIME-BREAKFAST-183BF9EA,volumes,,UAE,,,
514,2025-09-08 08:24:25.054446,MENA,2500.0,0.0154,0.0108,0.008,0.008,Gargi Upadhyay,$,0.0154,0.0108,0.008,0.008,10000.0,5000.0,0.0,0.0,300.0,500.0,6.5,10.0,MARGHERITA-CHAI-TIME-BREAKFAST-183BF9EA,volumes,,UAE,,,
513,2025-09-08 07:51:17.005342,India,100000.0,1.0,0.5,0.15,0.03,Puru Chauhan,₹,1.0,0.5,0.15,0.03,0.0,0.0,0.0,0.0,20000.0,30000.0,8.5,0.0,PANEER-JALEBI-BREAKFAST-AE882D38,volumes,0.0,North,,,
512,2025-09-08 05:14:53.757124,India,150000.0,1.0,0.5,0.15,0.03,Saathwik,₹,1.0,0.5,0.15,0.03,5000.0,5000.0,0.0,10000.0,20000.0,30000.0,0.5,0.0,MIDNIGHT-SNACK-PLAIN-JANE-DB54965D,volumes,,South,,,
511,2025-09-06 13:13:43.577681,India,100000.0,1.0,0.5,0.15,0.03,Puru Chauhan,₹,1.0,0.5,0.15,0.03,0.0,0.0,0.0,0.0,20000.0,30000.0,7.5,0.0,IDLI-LUNCH-TANDOORI-6DFC6F90,volumes,0.0,North,,,
510,2025-09-06 12:59:48.334341,India,100000.0,1.0,0.5,0.15,0.03,Puru Chauhan,₹,1.0,0.5,0.15,0.03,0.0,0.0,0.0,0.0,20000.0,30000.0,8.5,0.0,2c5d2fad-0715-4627-b026-cb9dbaef2897,volumes,0.0,North,,,
509,2025-09-05 03:21:40.427123,India,100000.0,1.0,0.5,0.15,0.03,Ankit,₹,1.0,0.5,0.15,0.03,0.0,0.0,0.0,0.0,20000.0,30000.0,0.0,0.0,eee23737-b11e-45bc-a9ea-ae6cef9d731c,volumes,0.0,South,,,
508,2025-09-04 14:48:41.567745,India,100000.0,1.0,0.5,0.15,0.03,Puru Chauhan,₹,1.0,0.5,0.15,0.03,0.0,0.0,0.0,0.0,20000.0,30000.0,10.5,10.0,LUNCH-MARGHERITA-E4A88428,volumes,0.0,North,,,
507,2025-09-04 13:16:50.033492,India,100000.0,1.0,0.5,0.15,0.03,Puru Chauhan,₹,1.0,0.5,0.15,0.03,0.0,0.0,0.0,0.0,20000.0,30000.0,6.5,0.0,MARGHERITA-LUNCH-5BF7F251,volumes,0.0,North,,,
506,2025-09-04 08:58:48.563695,India,100000.0,1.0,0.5,0.15,0.03,Saathwik,₹,1.0,0.5,0.15,0.03,5000.0,5000.0,0.0,10000.0,20000.0,30000.0,4.5,0.0,ffe498d3-e147-4553-89c7-66647604af7e,volumes,,South,,,
498,2025-09-03 12:58:07.840098,India,150000.0,1.0,0.45,0.15,0.03,Puru Chauhan,₹,1.0,0.45,0.15,0.03,0.0,50000.0,0.0,0.0,20000.0,30000.0,18.5,0.0,51c40bc3-8ba2-45c9-901d-4650c3c248fb,volumes,,North,,,
497,2025-09-03 12:49:37.716494,India,150000.0,1.0,0.45,0.15,0.03,Puru Chauhan,₹,1.0,0.45,0.15,0.03,0.0,50000.0,0.0,0.0,20000.0,30000.0,8.5,0.0,5d5b4c3b-d9ec-400a-82d9-9665965aab61,volumes,,North,,,
496,2025-09-03 12:45:47.955751,India,150000.0,0.95,0.45,0.12,0.024,Puru Chauhan,₹,1.0,0.5,0.15,0.03,0.0,0.0,0.0,0.0,20000.0,30000.0,8.5,0.0,287b5cd2-780a-47b0-a638-a3d58787bda4,bundle,50000.0,North,,,
495,2025-09-03 11:42:00.533223,MENA,3350.0,0.0203,0.0108,0.008,0.008,Gargi Upadhyay,$,0.0203,0.0108,0.008,0.008,5000.0,5000.0,0.0,0.0,300.0,500.0,4.5,10.0,b9101d8f-5118-44b7-9b12-57846a972609,volumes,,UAE,,,
494,2025-09-03 11:38:42.644561,MENA,3350.0,0.0267,0.016,0.008,0.008,Gargi Upadhyay,$,0.0267,0.016,0.008,0.008,400.0,0.0,0.0,0.0,300.0,500.0,4.5,10.0,8d0ffd16-3b47-4709-8eed-5e677263d152,volumes,,UAE,,,
493,2025-09-03 07:21:22.202313,India,150000.0,1.0,0.5,0.15,0.03,Puru Chauhan,₹,1.0,0.5,0.15,0.03,0.0,0.0,0.0,0.0,20000.0,30000.0,5.5,10.0,CHEESE-JALEBI-CHAI-TIME-21B114C5,bundle,7887788.0,North,,,
492,2025-09-03 07:16:47.353011,India,150000.0,1.0,0.5,0.15,0.03,Puru Chauhan,₹,1.0,0.5,0.15,0.03,0.0,0.0,0.0,0.0,20000.0,30000.0,4.5,10.0,CHAI-TIME-MARGHERITA-BREAKFAST-5D759481,volumes,0.0,North,,,
491,2025-09-02 09:10:59.209635,India,150000.0,1.0,0.5,0.15,0.03,Ankit,₹,1.0,0.5,0.15,0.03,0.0,0.0,0.0,0.0,20000.0,30000.0,0.0,0.0,83c4c370-bd9f-4374-9368-3281239d9362,volumes,0.0,South,,,
490,2025-09-02 07:07:20.738017,India,200000.0,0.95,0.45,0.12,0.024,Puru Chauhan,₹,1.0,0.5,0.15,0.03,0.0,0.0,0.0,0.0,20000.0,30000.0,8.5,10.0,1ff4b14b-24b3-4e38-bc9c-39369185b521,bundle,50000.0,North,,,
489,2025-09-02 07:01:59.602738,India,100000.0,1.0,0.5,0.15,0.03,Saathwik,₹,1.0,0.5,0.15,0.03,0.0,0.0,0.0,0.0,20000.0,30000.0,2.5,0.0,MARGHERITA-BREAKFAST-FB5DD011,volumes,0.0,West,,,
488,2025-09-02 06:56:02.786027,India,150000.0,0.95,0.45,0.12,0.024,Puru Chauhan,₹,1.0,0.5,0.15,0.03,0.0,0.0,0.0,0.0,20000.0,30000.0,8.5,0.0,BIRYANI-TANDOORI-BREAKFAST-938E9B1A,bundle,50000.0,North,,,
487,2025-09-01 10:44:49.390551,India,100000.0,1.0,0.5,0.15,0.03,Saathwik,₹,1.0,0.5,0.15,0.03,0.0,0.0,0.0,0.0,20000.0,30000.0,2.5,0.0,MARGHERITA-BREAKFAST-FB5DD011,volumes,0.0,West,,,
486,2025-09-01 06:09:33.739780,India,150000.0,1.5,0.5,0.08,0.024,Ankit,₹,0.95,0.5,0.08,0.024,50000.0,20000.0,200000.0,50000.0,20000.0,30000.0,1.0,0.0,CHEESE-BREAKFAST-2B74B599,volumes,,South,,,
485,2025-09-01 05:42:39.596114,India,900000.0,1.0,0.5,0.15,0.03,Puru Chauhan,₹,1.0,0.5,0.15,0.03,10000.0,0.0,0.0,0.0,20000.0,30000.0,3.5,0.0,TANDOORI-MIDNIGHT-SNACK-B28747E7,volumes,,North,,,
484,2025-09-01 05:39:38.479696,India,350000.0,1.0,0.5,0.15,0.03,Puru Chauhan,₹,1.0,0.5,0.15,0.03,0.0,0.0,0.0,0.0,20000.0,30000.0,3.5,0.0,MIDNIGHT-SNACK-PANEER-NAAN-F06E5A5D,volumes,0.0,North,,,
483,2025-09-01 05:39:07.592836,India,350000.0,1.0,0.5,0.15,0.03,Puru Chauhan,₹,1.0,0.5,0.15,0.03,0.0,0.0,0.0,0.0,20000.0,30000.0,3.5,0.0,MIDNIGHT-SNACK-PANEER-NAAN-F06E5A5D,volumes,0.0,North,,,
482,2025-08-29 11:25:51.494086,India,200000.0,0.75,0.5,0.15,0.03,Nikhil,₹,0.75,0.5,0.15,0.03,600000.0,0.0,0.0,0.0,20000.0,30000.0,9.5,10.0,d3bf52cf-7d4e-4848-b14e-72981fecb1af,volumes,,North,,,
481,2025-08-29 09:55:55.271878,MENA,2500.0,0.0154,0.0082,0.008,0.008,Gargi,$,0.0154,0.0082,0.008,0.008,40000.0,40000.0,0.0,0.0,300.0,500.0,8.5,10.0,PANEER-BREAKFAST-5CBC3527,volumes,,UAE,,,
480,2025-08-29 09:37:10.937938,India,150000.0,1.5,0.5,0.08,0.024,Ankit,₹,0.95,0.5,0.08,0.024,50000.0,20000.0,200000.0,50000.0,20000.0,30000.0,1.0,0.0,CHEESE-BREAKFAST-2B74B599,volumes,,South,,,
479,2025-08-29 07:55:22.908906,MENA,2500.0,0.0154,0.0082,0.0041,0.0041,Sid,$,0.0154,0.0082,0.0041,0.0041,200000.0,40000.0,60000.0,70000.0,300.0,500.0,8.5,10.0,BREAKFAST-CURRY-TANDOORI-2207F25F,volumes,,UAE,,,
478,2025-08-29 07:48:45.721675,MENA,2500.0,0.0154,0.016,0.008,0.008,Sid,$,0.0154,0.016,0.008,0.008,200000.0,0.0,0.0,0.0,300.0,500.0,8.5,10.0,PLAIN-JANE-CHAI-TIME-BREAKFAST-55521FB2,volumes,,UAE,,,
477,2025-08-28 09:18:57.488374,India,200000.0,1.0,0.5,0.15,0.03,Mridul,₹,1.0,0.5,0.15,0.03,0.0,0.0,0.0,0.0,20000.0,30000.0,12.5,0.0,PANEER-BREAKFAST-BD1D97F5,volumes,0.0,West,,,
476,2025-08-28 09:17:36.399717,India,200000.0,1.0,0.5,0.15,0.03,Mridul,₹,1.0,0.5,0.15,0.03,0.0,25000.0,20000.0,0.0,20000.0,30000.0,5.5,0.0,BREAKFAST-TANDOORI-D2A8FB06,volumes,,West,,,
475,2025-08-28 07:25:32.233336,India,100000.0,1.0,0.5,0.15,0.03,Puru,₹,1.0,0.5,0.15,0.03,0.0,10000.0,0.0,0.0,20000.0,30000.0,1.5,0.0,BREAKFAST-CHAI-TIME-PANEER-78BE7388,volumes,,West,,,
474,2025-08-28 07:16:14.844059,India,150000.0,1.0,0.5,0.15,0.03,Nikhil,₹,1.0,0.5,0.15,0.03,0.0,0.0,0.0,0.0,20000.0,30000.0,4.5,0.0,BREAKFAST-CHAI-TIME-TANDOORI-BBD3365E,bundle,1000.0,North,,,
473,2025-08-28 07:15:06.676700,India,150000.0,0.95,0.45,0.12,0.024,Nikhil,₹,1.0,0.5,0.15,0.03,0.0,0.0,0.0,0.0,20000.0,30000.0,5.5,0.0,MARGHERITA-CHAI-TIME-BREAKFAST-5FE20957,bundle,100000.0,North,,,
472,2025-08-28 06:43:13.684629,India,100000.0,1.0,0.5,0.15,0.03,Puru,₹,1.0,0.5,0.15,0.03,0.0,10000.0,0.0,0.0,20000.0,30000.0,1.5,0.0,BREAKFAST-IDLI-PANEER-D27ECC6C,volumes,,West,,,
471,2025-08-26 23:42:07.582132,Rest of the World,2500.0,0.0105,0.007,0.0021,0.0013,Abhiraj,$,0.0105,0.007,0.0021,0.0013,10000.0,10000.0,20000.0,20000.0,300.0,420.0,7.5,20.0,17a62e3e-f9bc-44ef-ab4b-5ccd7f27d7a9,volumes,,,,,
501,2025-08-26 12:30:30.857525,Africa,2200.0,0.0035,0.0,0.0379,0.0076,Saathwik,$,,,,,,,,,300.0,420.0,4.0,2.0,africa_sample_616838,volumes,4000.0,Nigeria,,,
470,2025-08-26 11:10:29.420003,India,100000.0,1.0,0.45,0.15,0.03,Kat,₹,1.0,0.45,0.15,0.03,0.0,50000.0,0.0,0.0,20000.0,30000.0,5.5,0.0,f52605d2-2249-4685-8c0e-53d49d1bad1d,volumes,,South,,,
469,2025-08-26 10:38:50.197629,India,100000.0,1.0,0.45,0.15,0.03,Kat,₹,1.0,0.45,0.15,0.03,0.0,50000.0,0.0,0.0,20000.0,30000.0,8.5,0.0,46b181a5-288f-4ab7-8fe3-551cdcd8f9d1,volumes,,South,,,
468,2025-08-26 10:36:58.795334,India,100000.0,1.0,0.45,0.15,0.03,Kat,₹,1.0,0.45,0.15,0.03,0.0,50000.0,0.0,0.0,20000.0,30000.0,8.5,0.0,e06b74fa-2be8-48e6-b770-6137e83af635,volumes,,South,,,
467,2025-08-26 10:36:23.036694,India,100000.0,1.0,0.45,0.15,0.03,Kat,₹,1.0,0.45,0.15,0.03,0.0,50000.0,0.0,0.0,20000.0,30000.0,6.5,0.0,12899f0f-1d57-4b68-bf90-f963b9009126,volumes,,South,,,
466,2025-08-26 10:36:00.588314,India,100000.0,1.0,0.45,0.15,0.03,Kat,₹,1.0,0.45,0.15,0.03,0.0,50000.0,0.0,0.0,20000.0,30000.0,7.5,0.0,9f4a3273-a6a1-4d9b-90c2-20c63165fd20,volumes,,South,,,
465,2025-08-26 10:35:42.398171,India,100000.0,1.0,0.45,0.15,0.03,Kat,₹,1.0,0.45,0.15,0.03,0.0,50000.0,0.0,0.0,20000.0,30000.0,8.5,0.0,0df8bfe0-9408-4dbe-bb1c-469fce092da8,volumes,,South,,,
464,2025-08-26 10:30:19.964108,India,100000.0,1.0,0.7,0.15,0.03,Kat,₹,1.0,0.45,0.15,0.03,0.0,50000.0,0.0,0.0,20000.0,30000.0,8.5,0.0,24733eeb-f82e-4bc1-b8c6-cf5831e7a974,volumes,,South,,,
462,2025-08-26 07:26:22.327664,Rest of the World,2500.0,0.0105,0.007,0.0021,0.0013,Saathwik,$,0.0105,0.007,0.0021,0.0013,5000.0,0.0,0.0,0.0,300.0,420.0,0.5,0.0,15c2f322-f56f-4a72-8561-1ae3944f89dd,volumes,,,,,
461,2025-08-25 13:25:21.539373,India,100000.0,1.0,0.6,0.15,0.03,Kat,₹,1.0,0.45,0.15,0.03,0.0,50000.0,0.0,0.0,20000.0,30000.0,3.5,0.0,4419e13c-03e9-4b33-8af5-ecc9cb56cc7b,volumes,,South,,,
460,2025-08-25 11:21:44.831342,Rest of the World,2500.0,0.0105,0.007,0.0021,0.0013,Saathwik,$,0.0105,0.007,0.0021,0.0013,5000.0,0.0,0.0,0.0,300.0,420.0,0.5,0.0,15c2f322-f56f-4a72-8561-1ae3944f89dd,volumes,,,,,
459,2025-08-25 11:20:36.354270,India,150000.0,0.95,0.5,0.15,0.03,Saathwik,₹,0.95,0.5,0.15,0.03,100000.0,0.0,0.0,0.0,20000.0,30000.0,0.0,0.0,5ec2ef81-59e8-4856-b5f1-9e588cc0be03,volumes,,South,,,
458,2025-08-25 07:38:12.845887,India,150000.0,0.95,0.5,0.15,0.03,Saathwik,₹,0.95,0.5,0.15,0.03,100000.0,0.0,0.0,0.0,20000.0,30000.0,0.0,0.0,5ec2ef81-59e8-4856-b5f1-9e588cc0be03,volumes,,South,,,
505,2025-08-24 12:30:30.857741,Africa,2000.0,0.0035,0.0,0.0379,0.0076,Saathwik,$,,,,,,,,,300.0,420.0,3.0,1.5,africa_sample_280177,volumes,3000.0,Rest of Africa,,,
457,2025-08-22 17:43:01.971625,Rest of the World,2500.0,0.0105,0.007,0.0021,0.0013,Adwit,$,0.0105,0.007,0.0021,0.0013,0.0,0.0,0.0,0.0,300.0,420.0,10.5,10.0,73cb2a62-7f5d-4d6f-b3dd-0ad01c687955,bundle,500.0,,,,
456,2025-08-22 17:36:21.731776,Rest of the World,2500.0,0.0105,0.007,0.0021,0.0013,Adwit,$,0.0105,0.007,0.0021,0.0013,5000.0,1000.0,0.0,5000.0,300.0,420.0,10.5,10.0,669f7ff3-8876-4d39-a0a2-adb453631517,volumes,,,,,
500,2025-08-22 12:30:30.857475,Africa,3000.0,0.0035,0.0,0.0379,0.0076,Saathwik,$,,,,,,,,,300.0,420.0,8.0,4.0,africa_sample_641188,bundle,8000.0,South Africa,,,
455,2025-08-22 07:14:11.729046,India,150000.0,1.0,0.5,0.15,0.03,Nikhil,₹,1.0,0.5,0.15,0.03,28000.0,16000.0,0.0,0.0,20000.0,30000.0,8.5,0.0,a80e24ab-6eb1-49ef-afeb-44b914923a4f,volumes,,North,,,
454,2025-08-22 06:15:24.238577,India,150000.0,0.95,0.5,0.15,0.03,Saathwik,₹,0.95,0.5,0.15,0.03,100000.0,0.0,0.0,0.0,20000.0,30000.0,0.0,30.0,9bb1a4c5-3e04-462c-bfcc-fb6c7b576e75,volumes,,South,,,
453,2025-08-21 19:07:46.043999,LATAM,1650.0,0.0267,0.016,0.008,0.008,Mariana,$,0.0267,0.016,0.008,0.008,0.0,0.0,0.0,0.0,400.0,500.0,0.0,0.0,a4d1151c-887a-4109-bd72-7691639135bd,volumes,0.0,Brazil,,,
452,2025-08-21 19:03:43.718465,LATAM,3300.0,0.0267,0.016,0.008,0.008,Mariana,$,0.0267,0.016,0.008,0.008,0.0,0.0,0.0,0.0,400.0,500.0,0.0,0.0,dfd8403c-21b8-4750-8132-e31d30aa21bf,volumes,0.0,Brazil,,,
451,2025-08-21 12:47:10.685788,India,150000.0,0.95,0.5,0.15,0.03,Saathwik,₹,0.95,0.5,0.15,0.03,100000.0,0.0,0.0,0.0,20000.0,30000.0,0.0,30.0,9bb1a4c5-3e04-462c-bfcc-fb6c7b576e75,volumes,,South,,,
450,2025-08-21 12:44:01.779033,LATAM,1500.0,0.0154,0.0082,0.008,0.008,Mariana,$,0.0154,0.0082,0.008,0.008,50000.0,10000.0,0.0,0.0,400.0,500.0,4.5,10.0,c9018a19-bbf8-4809-bff8-3ee2d3dc7258,volumes,,Brazil,,,
449,2025-08-21 09:57:24.312445,India,100000.0,0.95,0.45,0.15,0.03,Kat,₹,0.95,0.45,0.15,0.03,100000.0,50000.0,0.0,0.0,20000.0,30000.0,11.5,0.0,ffc45d2e-f5e4-43bf-8e3a-e815de5a5032,volumes,,South,,,
448,2025-08-21 08:25:34.039946,India,150000.0,1.0,0.5,0.15,0.03,Mridul,₹,1.0,0.5,0.15,0.03,0.0,25000.0,20000.0,0.0,20000.0,30000.0,5.5,0.0,af5c48f3-8c10-4333-a64c-6abbae1e35dd,volumes,,West,,,
447,2025-08-20 10:32:35.905861,India,1500000.0,0.65,0.15,0.03,0.006,Gourav,₹,0.65,0.15,0.03,0.006,1000000.0,2600000.0,6000000.0,28000000.0,20000.0,30000.0,334.5,10.0,c9a646c3-c52d-45b9-970b-2764b79fba1e,volumes,,North,,,
446,2025-08-20 10:03:10.094452,India,150000.0,0.65,0.15,0.03,0.006,Gourav,₹,0.65,0.15,0.03,0.006,1000000.0,26000000.0,6000000.0,28000000.0,20000.0,30000.0,334.5,10.0,db3f7f57-c925-42d8-b44c-dfdd80eeaaac,volumes,,North,,,
445,2025-08-19 12:31:42.846955,India,100000.0,0.95,0.45,0.15,0.03,Kat,₹,0.95,0.45,0.15,0.03,100000.0,50000.0,0.0,0.0,20000.0,30000.0,11.5,0.0,50890560-a328-492a-8d5a-7d3e749291e2,volumes,,South,,,
444,2025-08-19 09:57:30.191206,India,100000.0,0.95,0.45,0.15,0.03,Kat,₹,0.95,0.45,0.15,0.03,100000.0,50000.0,0.0,0.0,20000.0,30000.0,9.5,20.0,7364d80d-3ab2-4b09-abea-3fcb6f9847cb,volumes,,South,,,
443,2025-08-19 07:49:23.130145,India,150000.0,0.65,0.5,0.15,0.03,Puru,₹,0.65,0.5,0.15,0.03,1000000.0,0.0,0.0,0.0,20000.0,30000.0,6.5,10.0,a559ab70-60cc-457f-b5ec-d1d1ea8b0832,volumes,,West,,,
442,2025-08-18 18:29:42.698385,LATAM,2000.0,0.05,0.0075,0.0016,0.0015,Mariana,$,0.05,0.0075,0.0016,0.0015,0.0,100000.0,100000.0,0.0,400.0,500.0,6.5,10.0,ecb87681-944f-4eb3-b27a-3dafdbc908fa,volumes,,Mexico,,,
441,2025-08-18 13:45:58.214723,LATAM,5000.0,0.05,0.025,0.0075,0.0015,Mariana,$,0.05,0.025,0.0075,0.0015,0.0,0.0,0.0,0.0,400.0,500.0,6.5,10.0,792d50f7-e8be-4143-836e-1e5b31d3c473,volumes,0.0,Mexico,,,
440,2025-08-18 13:45:12.531457,LATAM,4600.0,0.05,0.025,0.0075,0.0015,Mariana,$,0.05,0.025,0.0075,0.0015,0.0,0.0,0.0,0.0,400.0,500.0,6.5,0.0,98eaaf15-b0b9-4acf-8073-b26b955c9171,volumes,0.0,Mexico,,,
439,2025-08-18 12:56:58.753362,India,100000.0,1.0,0.15,0.15,0.03,Nikhil,₹,1.0,0.15,0.15,0.03,0.0,2500000.0,0.0,0.0,20000.0,30000.0,5.5,0.0,3a904ddf-bc70-460a-98f7-29d7ef79fe62,volumes,,North,,,
438,2025-08-18 11:38:03.268786,India,100000.0,0.95,0.45,0.12,0.024,Kat,₹,1.0,0.5,0.15,0.03,0.0,0.0,0.0,0.0,20000.0,30000.0,9.5,0.0,61455c96-b496-40a0-9f92-09c8891aa532,bundle,50000.0,South,,,
437,2025-08-18 11:37:06.421283,India,100000.0,0.95,0.45,0.12,0.024,Kat,₹,1.0,0.5,0.15,0.03,0.0,0.0,0.0,0.0,20000.0,30000.0,9.5,0.0,d7484394-4455-48e7-b105-f1ad2513c13b,bundle,50000.0,South,,,
436,2025-08-18 11:27:45.050010,India,100000.0,1.0,1.5,0.15,0.05,Kat,₹,1.0,0.5,0.15,0.03,0.0,15000.0,20000.0,20000.0,20000.0,30000.0,9.5,0.0,b466a383-20ec-4ef1-bea5-4d0d34cc1082,volumes,,South,,,
435,2025-08-18 11:25:09.231366,India,100000.0,1.0,0.9,0.12,0.024,Kat,₹,1.0,0.5,0.12,0.024,0.0,5000.0,100000.0,100000.0,20000.0,30000.0,9.5,0.0,b16de765-5c6f-4663-81e4-a7579551e541,volumes,,South,,,
434,2025-08-18 11:24:11.574503,India,100000.0,1.0,0.3,0.02,0.02,Kat,₹,1.0,0.45,0.12,0.024,0.0,50000.0,100000.0,100000.0,20000.0,30000.0,9.5,0.0,723f3c04-d7aa-4b37-9d92-449d988d0431,volumes,,South,,,
433,2025-08-18 10:11:13.733498,India,150000.0,1.0,0.45,0.08,0.015,Nitin,₹,1.0,0.45,0.08,0.015,0.0,50000.0,200000.0,200000.0,20000.0,30000.0,9.5,0.0,da20575f-18cf-4fa9-bd4d-63c4bb068e92,volumes,,North,,,
432,2025-08-18 08:57:55.552802,India,100000.0,0.95,0.3,0.02,0.02,Kat,₹,0.95,0.45,0.12,0.024,50000.0,50000.0,100000.0,100000.0,20000.0,30000.0,9.5,0.0,11f09e1a-ed8c-4137-a5e4-18b7b9ab3e35,volumes,,South,,,
431,2025-08-18 08:56:26.762767,India,100000.0,0.95,0.45,0.12,0.024,Kat,₹,0.95,0.45,0.12,0.024,50000.0,50000.0,100000.0,100000.0,20000.0,30000.0,9.5,0.0,87909802-e5e7-4bac-83c0-ae6569d3e4cd,volumes,,South,,,
430,2025-08-18 08:19:09.200018,Rest of the World,2500.0,0.015,0.006,0.0172,0.003,Saathwik,$,0.015,0.006,0.0172,0.003,30000.0,0.0,0.0,0.0,300.0,420.0,4.5,20.0,502b5902-4f22-4579-b352-1929e0b0fc6b,volumes,,,,,
429,2025-08-14 09:48:54.141655,India,150000.0,1.0,0.45,0.12,0.024,Kat,₹,0.95,0.45,0.12,0.024,50000.0,50000.0,100000.0,100000.0,20000.0,30000.0,8.5,10.0,c3385d7b-0c3d-41b5-bbc8-3d4acf72457b,volumes,,South,,,
428,2025-08-14 09:24:37.597784,MENA,3350.0,0.0154,0.0082,0.0041,0.0041,Siddharth,$,0.0154,0.0082,0.0041,0.0041,20000.0,25000.0,40000.0,70000.0,300.0,500.0,5.0,10.0,64a46c45-d876-4d74-8f46-66182f328484,volumes,,UAE,,,
427,2025-08-14 09:12:51.927708,India,400000.0,1.0,0.5,0.15,0.03,Mridul,₹,1.0,0.5,0.15,0.03,0.0,0.0,0.0,0.0,20000.0,30000.0,46.5,20.0,92c2cc11-7d2e-4e7b-b5e0-56503351dea0,volumes,0.0,West,,,
426,2025-08-14 09:11:37.619097,India,400000.0,0.75,0.25,0.15,0.03,Mridul,₹,0.75,0.25,0.15,0.03,500000.0,500000.0,0.0,0.0,20000.0,30000.0,46.5,20.0,a1ffe2e4-ed26-4ba4-bcb5-ca41c68f300a,volumes,,West,,,
425,2025-08-14 08:24:40.287891,India,150000.0,0.75,0.25,0.15,0.03,Mridul,₹,0.75,0.25,0.15,0.03,500000.0,500000.0,0.0,0.0,20000.0,30000.0,46.5,20.0,2f0eba52-8482-4a0b-b4d0-3523137c709a,volumes,,West,,,
424,2025-08-14 06:16:10.345959,India,100000.0,1.0,0.5,0.12,0.015,Nitin,₹,1.0,0.5,0.12,0.015,0.0,0.0,100000.0,200000.0,20000.0,30000.0,0.5,0.0,35268e67-d5ad-407e-91a6-7d25748da55d,volumes,,North,,,
423,2025-08-13 10:36:30.177144,India,100000.0,1.0,0.5,0.04,0.03,Sai Pranay,₹,1.0,0.5,0.04,0.03,0.0,5000.0,800000.0,0.0,20000.0,30000.0,0.5,0.0,523e35bd-2f01-49fa-9689-1c4ca7696532,volumes,,South,,,
422,2025-08-13 10:35:37.755218,India,100000.0,1.0,0.45,0.04,0.024,Sai Pranay,₹,1.0,0.45,0.04,0.024,0.0,100000.0,800000.0,100000.0,20000.0,30000.0,0.5,0.0,66987a30-268c-478a-87a2-51c38272b6ee,volumes,,South,,,
421,2025-08-13 10:33:51.249208,India,100000.0,1.0,0.45,0.03,0.024,Sai Pranay,₹,1.0,0.45,0.03,0.024,0.0,100000.0,8000000.0,100000.0,20000.0,30000.0,0.5,0.0,83bf58ed-c9da-4c9b-8b8e-7d9b519274b0,volumes,,South,,,
420,2025-08-13 10:29:43.985868,India,400000.0,0.95,0.45,0.12,0.015,Ankit,₹,0.95,0.45,0.12,0.015,50000.0,50000.0,100000.0,200000.0,20000.0,30000.0,8.5,20.0,d88b324c-6969-4b94-8965-9cb1d45f3966,volumes,,South,,,
419,2025-08-13 09:19:02.498833,India,100000.0,0.95,0.45,0.12,0.024,Puru Chauhan,₹,1.0,0.5,0.15,0.03,0.0,0.0,0.0,0.0,20000.0,30000.0,5.5,0.0,c1da7ba6-255d-45c9-a0ee-a51016947119,bundle,50000.0,North,,,
418,2025-08-13 09:09:18.186581,India,100000.0,0.95,0.45,0.12,0.024,Puru Chauhan,₹,1.0,0.5,0.15,0.03,0.0,0.0,0.0,0.0,20000.0,30000.0,5.5,0.0,0beae435-7e23-4851-9027-927cb85cc392,bundle,50000.0,North,,,
417,2025-08-13 07:55:15.555433,India,100000.0,1.0,0.5,0.15,0.03,Nikhil,₹,1.0,0.5,0.15,0.03,0.0,0.0,0.0,0.0,20000.0,30000.0,5.5,0.0,91ebd4cf-7c3a-4125-b816-3b08bb6a0744,bundle,100000.0,North,,,
416,2025-08-13 07:52:03.328735,India,100000.0,0.75,0.25,0.05,0.01,Nikhil,₹,1.0,0.5,0.15,0.03,0.0,0.0,0.0,0.0,20000.0,30000.0,8.5,10.0,5a110c4e-4aa3-4a20-94a7-c552b3ff9b38,bundle,500000.0,North,,,
415,2025-08-13 07:49:35.957645,India,100000.0,1.0,0.35,0.12,0.024,Nikhil,₹,1.0,0.35,0.12,0.024,0.0,200000.0,100000.0,50000.0,20000.0,30000.0,8.5,10.0,f270d2db-0424-471f-81dc-0d93b1df8f37,volumes,,North,,,
414,2025-08-13 07:47:09.669273,India,200000.0,0.75,0.25,0.05,0.01,Nikhil,₹,1.0,0.5,0.15,0.03,0.0,0.0,0.0,0.0,20000.0,30000.0,8.5,10.0,7fb9d08c-1dad-4479-ad49-2bc82c8d523d,bundle,500000.0,North,,,
413,2025-08-12 10:37:50.035419,India,100000.0,1.0,0.45,0.12,0.024,Sai Pranay,₹,1.0,0.45,0.12,0.024,10000.0,100000.0,100000.0,100000.0,20000.0,30000.0,0.5,0.0,9581f156-1961-4d89-97b0-c8a734fa9729,volumes,,South,,,
412,2025-08-12 09:19:01.850288,India,400000.0,0.95,0.45,0.12,0.015,Ankit,₹,0.95,0.45,0.12,0.015,50000.0,50000.0,100000.0,200000.0,20000.0,30000.0,8.5,20.0,072ec1db-4d91-4c83-8fd0-c50393249620,volumes,,South,,,
411,2025-08-12 09:05:43.362799,India,400000.0,0.95,0.45,0.12,0.015,Ankit,₹,0.95,0.45,0.12,0.015,50000.0,50000.0,100000.0,200000.0,20000.0,30000.0,8.5,20.0,fc961bd8-ac3b-4f57-8328-10fde0735989,volumes,,South,,,
410,2025-08-11 11:34:56.761876,India,150000.0,1.0,0.45,0.12,0.024,Kat,₹,1.0,0.45,0.12,0.024,0.0,100000.0,100000.0,100000.0,20000.0,30000.0,8.5,0.0,e658614a-249c-4022-bf44-fdea71fc5e8d,volumes,,South,,,
409,2025-08-07 14:07:59.801946,India,100000.0,1.0,0.25,0.15,0.03,Nikhil,₹,1.0,0.25,0.15,0.03,0.0,500000.0,0.0,0.0,20000.0,30000.0,6.5,0.0,baf67eb5-36e1-46cd-aa0a-1324509b9959,volumes,,North,,,
408,2025-08-07 14:02:45.196707,India,150000.0,0.75,0.25,0.05,0.01,Nikhil,₹,1.0,0.5,0.15,0.03,0.0,0.0,0.0,0.0,20000.0,30000.0,6.5,0.0,8c8ed8f0-39d0-4e46-b81a-c32ebe8a8d18,bundle,500000.0,North,,,
407,2025-08-07 14:01:20.742195,India,100000.0,1.0,0.25,0.15,0.03,Nikhil,₹,1.0,0.25,0.15,0.03,0.0,500000.0,0.0,0.0,20000.0,30000.0,6.5,0.0,bcbe5ede-1cf8-4551-ac0c-03a9e212cf1e,volumes,,North,,,
406,2025-08-07 14:00:26.989702,India,150000.0,1.0,0.25,0.15,0.03,Nikhil,₹,1.0,0.25,0.15,0.03,0.0,500000.0,0.0,0.0,20000.0,30000.0,6.5,0.0,ea69dd26-567d-4896-9631-88db2eb26ce1,volumes,,North,,,
405,2025-08-07 13:53:47.108081,India,200000.0,0.9,0.45,0.15,0.03,Nikhil,₹,0.9,0.45,0.15,0.03,175000.0,50000.0,0.0,0.0,20000.0,30000.0,9.5,10.0,42be8227-fa38-4456-9123-26a6aebdc3c8,volumes,,North,,,
499,2025-08-07 12:30:30.856283,Africa,2500.0,0.0035,0.0,0.0379,0.0076,Saathwik,$,,,,,,,,,300.0,420.0,5.0,3.0,africa_sample_487959,volumes,5000.0,South Africa,,,
404,2025-08-07 10:33:37.318063,India,100000.0,1.0,0.4,0.02,0.02,Kat,₹,1.0,0.45,0.12,0.024,0.0,50000.0,100000.0,100000.0,20000.0,30000.0,10.5,0.0,120f3805-bcc0-4ae3-ba28-21c2c438b1b8,volumes,,South,,,
403,2025-08-07 10:33:13.569879,India,100000.0,1.0,0.45,0.12,0.024,Kat,₹,1.0,0.45,0.12,0.024,0.0,50000.0,100000.0,100000.0,20000.0,30000.0,10.5,0.0,4df8181b-08a3-4b38-b89c-bd71485ff066,volumes,,South,,,
402,2025-08-07 10:32:46.425384,India,150000.0,0.85,0.45,0.02,0.024,Kat,₹,1.0,0.45,0.12,0.024,0.0,50000.0,100000.0,100000.0,20000.0,30000.0,10.5,0.0,71144247-28f4-49ab-b7fc-8d132ebf8074,volumes,,South,,,
401,2025-08-07 10:31:41.913196,India,150000.0,0.95,0.45,0.12,0.024,Kat,₹,0.95,0.45,0.12,0.024,50000.0,50000.0,100000.0,100000.0,20000.0,30000.0,10.5,0.0,8f77cac6-c978-4666-b5b0-5008af31e9d8,volumes,,South,,,
400,2025-08-07 09:39:04.737769,India,225000.0,0.95,0.45,0.12,0.024,Ankit,₹,0.95,0.45,0.12,0.024,50000.0,50000.0,100000.0,100000.0,20000.0,30000.0,3.5,0.0,daa0056c-8c4f-4870-8f03-28be4541a2c7,volumes,,South,,,
399,2025-08-07 05:53:47.826601,India,250000.0,0.9,0.5,0.02,0.024,Kat,₹,0.95,0.45,0.12,0.024,50000.0,50000.0,100000.0,100000.0,20000.0,30000.0,12.5,20.0,79b0ac0d-5be2-42ff-b1f2-b4cb7e4f4a35,volumes,,South,,,
398,2025-08-07 05:52:53.821040,India,250000.0,0.95,0.2,0.02,0.024,Kat,₹,0.95,0.45,0.12,0.024,50000.0,50000.0,100000.0,100000.0,20000.0,30000.0,12.5,20.0,7367708c-d363-4041-a792-a1e161ca92b7,volumes,,South,,,
397,2025-08-07 03:53:03.733152,India,150000.0,1.0,0.2,0.15,0.03,Mridul,₹,1.0,0.2,0.15,0.03,0.0,800000.0,0.0,0.0,20000.0,30000.0,4.5,0.0,a1c1e497-9377-4c8c-8367-da13a7306ddc,volumes,,West,,,
396,2025-08-07 03:50:22.863574,India,150000.0,1.0,0.3,0.15,0.03,Mridul,₹,1.0,0.3,0.15,0.03,0.0,350000.0,0.0,0.0,20000.0,30000.0,4.5,0.0,41d4e580-18d7-4637-acd7-a8e055db1926,volumes,,West,,,
395,2025-08-07 03:49:44.175538,India,150000.0,1.0,0.3,0.15,0.03,Mridul,₹,1.0,0.3,0.15,0.03,0.0,250000.0,0.0,0.0,20000.0,30000.0,4.5,0.0,4e899aad-699b-4fdf-b87a-c085e5f34867,volumes,,West,,,
394,2025-08-07 03:49:08.557711,India,150000.0,1.0,0.4,0.15,0.03,Mridul,₹,1.0,0.4,0.15,0.03,0.0,150000.0,0.0,0.0,20000.0,30000.0,4.5,0.0,200592c6-64fd-4bd8-8f89-9d61b1efdcb0,volumes,,West,,,
393,2025-08-07 03:48:41.622270,India,150000.0,1.0,0.45,0.15,0.03,Mridul,₹,1.0,0.45,0.15,0.03,0.0,50000.0,0.0,0.0,20000.0,30000.0,4.5,0.0,e582a06a-6207-4e43-a6d2-9d9b4a85cd37,volumes,,West,,,
392,2025-08-07 03:47:29.063916,India,150000.0,1.0,0.5,0.15,0.03,Mridul,₹,1.0,0.5,0.15,0.03,0.0,30000.0,0.0,0.0,20000.0,30000.0,4.5,0.0,034fce38-7268-43b7-9d59-5b2169cc8a41,volumes,,West,,,
391,2025-08-06 14:52:43.663741,India,200000.0,0.9,0.45,0.15,0.03,Nikhil,₹,0.9,0.45,0.15,0.03,175000.0,50000.0,0.0,0.0,20000.0,30000.0,9.5,10.0,6ca15561-659e-4d6c-ad61-7eed7b9bf676,volumes,,North,,,
390,2025-08-06 14:46:39.501201,India,200000.0,0.8,0.45,0.15,0.03,Nikhil,₹,0.8,0.45,0.15,0.03,315000.0,140000.0,0.0,0.0,20000.0,30000.0,9.5,10.0,4e639975-db7e-48d9-8166-4d3ea23fc8f3,volumes,,North,,,
388,2025-08-06 09:37:06.803819,India,100000.0,1.0,0.45,0.15,0.024,Nikhil,₹,1.0,0.45,0.15,0.024,0.0,50000.0,0.0,100000.0,20000.0,30000.0,5.5,0.0,61f837c7-4089-44f3-bdf8-7e850ffe47d7,volumes,,North,,,
387,2025-08-06 09:00:27.945535,India,100000.0,1.0,0.45,0.12,0.03,Nikhil,₹,1.0,0.45,0.12,0.03,0.0,50000.0,50000.0,0.0,20000.0,30000.0,5.5,0.0,b9ac6d8d-c04f-4979-a6fd-722b3a42fe28,volumes,,North,,,
386,2025-08-06 08:59:19.621371,India,100000.0,1.0,0.45,0.15,0.03,Nikhil,₹,1.0,0.45,0.15,0.03,0.0,100000.0,0.0,0.0,20000.0,30000.0,5.5,0.0,3581ede2-20ac-44f7-9bd2-bf5f24c8f841,volumes,,North,,,
385,2025-08-06 07:08:19.909787,India,100000.0,0.95,0.45,0.12,0.024,Nikhil,₹,1.0,0.5,0.15,0.03,0.0,0.0,0.0,0.0,20000.0,30000.0,5.5,0.0,8ea7a6b8-b012-414d-990c-afd60dbb1d39,bundle,50000.0,North,,,
384,2025-08-06 06:46:55.073026,India,100000.0,1.0,0.5,0.05,0.015,Abhiraj,₹,1.0,0.35,0.05,0.015,0.0,200000.0,500000.0,200000.0,20000.0,30000.0,7.5,0.0,895cbc54-2950-425f-8c5f-8a50b2722a43,volumes,,West,,,
383,2025-08-06 06:44:39.195742,India,100000.0,1.0,0.35,0.05,0.015,Abhiraj,₹,1.0,0.35,0.05,0.015,0.0,200000.0,500000.0,200000.0,20000.0,30000.0,5.5,0.0,7c397407-3ecb-4ee9-ba38-8e04c2c35a2a,volumes,,West,,,
382,2025-08-06 05:08:13.904211,India,100000.0,1.0,0.5,0.15,0.03,Mridul,₹,1.0,0.5,0.15,0.03,0.0,20000.0,0.0,0.0,20000.0,30000.0,10.0,0.0,e89c95cd-7b9f-4c21-ad2f-98bba1400f85,volumes,,West,,,
381,2025-08-05 16:42:48.239217,India,100000.0,0.95,0.45,0.05,0.015,Abhiraj,₹,1.0,0.45,0.05,0.015,0.0,100000.0,500000.0,200000.0,20000.0,30000.0,5.5,0.0,ec85af69-7224-4f17-bf4f-6fda89f29dc3,volumes,,West,,,
380,2025-08-05 15:44:30.037753,India,150000.0,0.95,0.45,0.05,0.015,Abhiraj,₹,0.95,0.45,0.05,0.015,50000.0,50000.0,500000.0,200000.0,20000.0,30000.0,6.5,20.0,622ce61c-b7e9-43b3-8573-e164486148bd,volumes,,West,,,
379,2025-08-05 15:40:26.849265,India,150000.0,0.95,0.45,0.05,0.015,Abhiraj,₹,0.95,0.45,0.05,0.015,50000.0,50000.0,500000.0,200000.0,20000.0,30000.0,6.5,10.0,e2f1252a-eb20-43a3-864c-486047153d60,volumes,,West,,,
377,2025-08-05 09:30:05.277423,MENA,1650.0,0.0267,0.0082,0.0041,0.0041,Siddharth,$,0.0267,0.0082,0.0041,0.0041,0.0,10000.0,30000.0,50000.0,300.0,500.0,8.5,0.0,5202909f-63f7-4ee6-b370-475984778d61,volumes,,UAE,,,
376,2025-08-05 07:43:09.928764,India,100000.0,1.0,0.5,0.15,0.03,Mridul,₹,1.0,0.5,0.15,0.03,0.0,20000.0,0.0,0.0,20000.0,30000.0,22.0,0.0,8e66a29d-ae17-4da5-a9bf-517af9008242,volumes,,West,,,
373,2025-08-05 06:30:24.139685,India,150000.0,1.0,0.5,0.15,0.03,Puru,₹,1.0,0.5,0.15,0.03,0.0,0.0,0.0,0.0,20000.0,30000.0,6.5,0.0,12240e24-5d1e-45d9-aa89-a0fe115dae1a,volumes,0.0,West,,,
372,2025-08-05 06:29:49.520641,India,100000.0,1.0,0.5,0.15,0.03,Puru,₹,1.0,0.5,0.15,0.03,0.0,0.0,0.0,0.0,20000.0,30000.0,6.5,0.0,8d31b4b5-324c-48ee-9e6b-a8f315ebe777,volumes,0.0,West,,,
371,2025-08-04 09:57:25.724933,India,100000.0,1.0,0.15,0.15,0.03,Adwit,₹,1.0,0.15,0.15,0.03,0.0,20000000.0,0.0,0.0,20000.0,30000.0,16.5,0.0,be71064a-e323-4aa1-8b31-8695a36856e9,volumes,,North,,,
370,2025-08-04 09:00:01.922804,India,200000.0,1.0,0.06,0.15,0.03,Ankit,₹,1.0,0.15,0.15,0.03,0.0,20000000.0,0.0,0.0,20000.0,30000.0,0.0,0.0,979e42c6-ef59-4918-a403-b5c9e2a0300c,volumes,,South,,,
369,2025-08-04 08:59:45.161537,India,200000.0,1.0,0.15,0.15,0.03,Ankit,₹,1.0,0.15,0.15,0.03,0.0,20000000.0,0.0,0.0,20000.0,30000.0,0.0,0.0,641e4ea3-3d5a-4f2b-b805-0b3baa15fdef,volumes,,South,,,
358,2025-08-01 06:38:16.997787,India,150000.0,1.0,0.5,0.15,0.03,Puru,₹,1.0,0.5,0.15,0.03,0.0,0.0,0.0,0.0,20000.0,30000.0,3.5,10.0,446f0866-fa43-4328-8aa3-7137ad32645d,volumes,0.0,West,,,
357,2025-08-01 06:30:57.192459,India,175000.0,0.8,0.5,0.15,0.03,Puru,₹,1.0,0.5,0.15,0.03,5000.0,5000.0,5000.0,5000.0,20000.0,30000.0,8.0,10.0,5f764345-d69b-4516-84da-fba730fcfcee,volumes,,North,,,
355,2025-07-31 11:53:09.001045,India,100000.0,0.5,0.2,0.02,0.03,Kat,₹,1.0,0.5,0.15,0.03,0.0,50000.0,100000.0,100000.0,20000.0,30000.0,9.5,0.0,e290b6ca-8ae4-4f60-a9e8-84bd25142850,volumes,,South,,,
354,2025-07-31 11:52:22.888668,India,100000.0,0.5,0.3,0.02,0.02,Kat,₹,1.0,0.5,0.15,0.03,0.0,50000.0,100000.0,100000.0,20000.0,30000.0,9.5,0.0,da336c6a-173a-4b6f-931c-68099132f703,volumes,,South,,,
353,2025-07-31 11:51:51.341526,India,100000.0,0.5,0.8,0.15,0.03,Kat,₹,1.0,0.5,0.15,0.03,0.0,50000.0,100000.0,100000.0,20000.0,30000.0,9.5,0.0,ef4187c5-8e9f-4d10-ba7e-19fa1e4fbcd9,volumes,,South,,,
352,2025-07-31 11:49:24.115032,India,100000.0,0.5,0.5,0.15,0.03,Kat,₹,1.0,0.5,0.15,0.03,0.0,50000.0,100000.0,100000.0,20000.0,30000.0,9.5,0.0,bbc32ef4-49e7-48f6-8db1-fda6847a63f6,volumes,,South,,,
351,2025-07-31 10:19:47.001272,India,150000.0,0.5,0.45,0.12,0.025,Ankit,₹,1.0,0.45,0.12,0.03,0.0,250000.0,1000000.0,0.0,20000.0,30000.0,0.0,0.0,6aa91be9-b8b9-45b9-a2de-660043ec2a8a,volumes,,South,,,
350,2025-07-31 10:16:26.517574,India,150000.0,1.0,0.5,0.15,0.03,Ankit,₹,1.0,0.5,0.15,0.03,0.0,0.0,0.0,0.0,20000.0,30000.0,0.0,0.0,da71921f-5d1a-4e07-bb7a-fc6efbdf2082,volumes,0.0,South,,,
348,2025-07-31 09:34:34.788661,India,100000.0,0.5,0.5,0.1,0.025,Kat,₹,1.0,0.5,0.15,0.03,0.0,50000.0,0.0,0.0,20000.0,30000.0,8.5,0.0,c8c43143-3003-4afe-91c5-88bfc960d7f4,volumes,,South,,,
347,2025-07-31 09:34:17.176708,India,100000.0,0.5,0.5,0.1,0.025,Kat,₹,1.0,0.5,0.15,0.03,0.0,50000.0,0.0,0.0,20000.0,30000.0,8.5,0.0,98405a90-e56a-4794-928d-6a5444961fc9,volumes,,South,,,
346,2025-07-31 09:33:57.996780,India,100000.0,0.5,0.5,0.1,0.025,Kat,₹,1.0,0.5,0.15,0.03,0.0,50000.0,0.0,0.0,20000.0,30000.0,8.5,0.0,43866101-f220-442d-bbfd-5d60333ae0d3,volumes,,South,,,
345,2025-07-31 07:16:29.173237,India,100000.0,0.5,0.5,0.1,0.025,Kat,₹,1.0,0.5,0.15,0.03,0.0,50000.0,0.0,0.0,20000.0,30000.0,6.5,0.0,e37231aa-dc08-45d9-8b10-dcb081d88d8c,volumes,,South,,,
344,2025-07-31 07:15:33.573271,India,100000.0,0.5,0.5,0.02,0.02,Kat,₹,1.0,0.5,0.15,0.03,0.0,50000.0,100000.0,100000.0,20000.0,30000.0,5.5,0.0,1e0e33e6-68f9-4536-8528-32dadbe19638,volumes,,South,,,
343,2025-07-31 06:53:17.097521,India,150000.0,0.95,0.25,0.15,0.025,Mridul,₹,0.95,0.5,0.15,0.03,100000.0,0.0,10000.0,0.0,20000.0,30000.0,14.0,40.0,b6e07fe8-eb23-4ac1-abdc-6d9d91b8721d,volumes,,West,,,
342,2025-07-31 06:21:33.199865,India,150000.0,0.95,0.25,0.15,0.025,Mridul,₹,0.95,0.5,0.15,0.03,100000.0,0.0,10000.0,0.0,20000.0,30000.0,14.0,20.0,2589241a-8017-4693-af49-bd781ade1437,volumes,,West,,,
339,2025-07-30 07:25:42.879724,India,150000.0,1.0,0.5,0.15,0.03,Mridul,₹,1.0,0.5,0.15,0.03,0.0,0.0,0.0,0.0,20000.0,30000.0,14.0,20.0,0c406505-67aa-4ca9-a1a3-ed06597ae783,volumes,0.0,West,,,
338,2025-07-30 07:05:22.787583,India,50000.0,0.5,0.5,0.15,0.03,Gourav,₹,1.0,0.5,0.15,0.03,0.0,10000.0,50000.0,50000.0,20000.0,30000.0,0.0,0.0,e74f83aa-52a4-4615-beab-4668c412bdba,volumes,,North,,,
337,2025-07-29 10:51:54.236350,India,100000.0,0.5,0.5,0.02,0.02,Kat,₹,1.0,0.5,0.15,0.03,0.0,50000.0,100000.0,100000.0,20000.0,30000.0,5.5,0.0,1e0e33e6-68f9-4536-8528-32dadbe19638,volumes,,South,,,
336,2025-07-29 10:46:04.961636,India,100000.0,0.5,0.5,0.15,0.03,Kat,₹,1.0,0.5,0.15,0.03,0.0,50000.0,100000.0,100000.0,20000.0,30000.0,6.5,0.0,46e5f534-cc23-4d06-a51b-6514b9b5a3e5,volumes,,South,,,
331,2025-07-28 10:40:54.263619,India,100000.0,0.5,0.2,0.02,0.02,Kat,₹,1.0,0.5,0.15,0.03,0.0,50000.0,100000.0,100000.0,20000.0,30000.0,12.5,0.0,cbc05ca5-eb12-4675-acf6-ff1abc3912bf,volumes,,South,,,
329,2025-07-28 10:32:57.237147,India,100000.0,1.0,0.2,0.02,0.02,Kat,₹,1.0,0.5,0.15,0.03,0.0,50000.0,100000.0,100000.0,20000.0,30000.0,10.5,0.0,d2296019-c6d3-4f3c-9232-ec6b1df01fc8,volumes,,South,,,
328,2025-07-28 06:34:49.236436,India,100000.0,0.5,0.25,0.15,0.025,Saurabh,₹,1.0,0.5,0.15,0.03,0.0,0.0,10000.0,0.0,20000.0,30000.0,8.5,0.0,377b9e51-fb06-4283-9cc9-91aa06ce6816,volumes,,North,,,
327,2025-07-28 06:34:17.563947,India,100000.0,0.95,0.45,0.12,0.024,Saurabh,₹,1.0,0.5,0.15,0.03,0.0,0.0,0.0,0.0,20000.0,30000.0,8.5,0.0,824d5fe7-8395-4af7-a1fd-70dcac40d024,bundle,100000.0,North,,,
326,2025-07-28 06:30:28.857834,India,100000.0,1.0,0.5,0.15,0.03,Saurabh,₹,1.0,0.5,0.15,0.03,0.0,0.0,0.0,0.0,20000.0,30000.0,8.5,0.0,37a1941c-0eff-4928-a51c-8c4113ee2fca,volumes,0.0,North,,,
325,2025-07-25 13:18:13.573193,India,175000.0,1.0,0.5,0.15,0.03,Arpan Dutta,₹,1.0,0.5,0.15,0.03,20000.0,50000.0,50000.0,50000.0,20000.0,30000.0,6.0,20.0,76641fbd-cecc-4fda-986f-9767abfd4186,volumes,,North,,,
324,2025-07-25 13:15:30.375533,India,225000.0,1.0,0.5,0.15,0.03,Arpan Dutta,₹,1.0,0.5,0.15,0.03,50000.0,50000.0,50000.0,50000.0,20000.0,30000.0,3.5,20.0,208571a6-c433-48a5-9bfd-148cf8457d1a,volumes,,North,,,
320,2025-07-25 09:52:50.729331,India,100000.0,0.8,0.5,0.15,0.03,Vikas Kumar,₹,0.8,0.5,0.15,0.03,500000.0,50000.0,100000.0,50000.0,20000.0,30000.0,6.0,10.0,d74cfce0-119c-4cf6-a60d-c40bdd4759d0,volumes,,North,,,
319,2025-07-25 09:51:13.238882,India,100000.0,0.95,0.5,0.15,0.03,Vikas Kumar,₹,0.95,0.5,0.15,0.03,100000.0,50000.0,100000.0,50000.0,20000.0,30000.0,6.0,10.0,90e72d27-4ba3-4f8b-bf82-a55a1c9b592f,volumes,,North,,,
315,2025-07-24 14:20:01.632618,India,100000.0,0.95,0.5,0.15,0.03,Vikas Kumar,₹,0.95,0.5,0.15,0.03,100000.0,50000.0,200000.0,50000.0,20000.0,30000.0,7.5,10.0,f96c0d1b-1f59-4e84-89f3-e41d97f137f6,volumes,,North,,,
286,2025-07-24 12:58:11,India,300000.0,0.5,0.5,0.15,0.025,Nitin,₹,1.0,0.5,0.15,0.03,0.0,5000.0,100000.0,0.0,20000.0,30000.0,7.0,20.0,252b292b-03e8-4021-aee8-3b7ef6ff929d,volumes,,North,,,
314,2025-07-24 12:36:53.118411,India,225000.0,1.0,0.3,0.3,0.03,Kat,₹,1.0,0.5,0.15,0.03,50000.0,50000.0,50000.0,50000.0,20000.0,30000.0,10.5,20.0,de948a2c-80e9-428a-8e26-56ee1f5c30b5,volumes,,South,,,
313,2025-07-24 12:35:34.563046,India,225000.0,1.0,0.3,0.5,0.03,Kat,₹,1.0,0.5,0.15,0.03,50000.0,50000.0,50000.0,50000.0,20000.0,30000.0,10.5,20.0,324e39f9-1e4f-4063-ae48-145e7c83a723,volumes,,South,,,
312,2025-07-24 12:34:29.186246,India,185000.0,1.0,0.5,0.15,0.03,Kat,₹,1.0,0.5,0.15,0.03,50000.0,50000.0,50000.0,50000.0,20000.0,30000.0,10.5,20.0,6d92e2e9-8129-4296-99a3-d84034159a10,volumes,,South,,,
311,2025-07-24 12:34:03.604404,India,225000.0,1.0,0.5,0.15,0.03,Kat,₹,1.0,0.5,0.15,0.03,50000.0,50000.0,50000.0,50000.0,20000.0,30000.0,10.5,20.0,0bfcd54b-d742-4a6d-8bba-de3c060c6d6d,volumes,,South,,,
310,2025-07-24 12:32:59.332374,India,225000.0,1.5,0.3,0.12,0.03,Kat,₹,1.0,0.5,0.12,0.03,50000.0,50000.0,1000000.0,1000000.0,20000.0,30000.0,10.5,20.0,d6c4713a-48e3-4bae-b159-17f2c28c8cae,volumes,,South,,,
283,2025-07-24 05:19:37.785940,India,1650.0,0.0167,0.015,0.005,0.001,Saathwik,$,0.0333,0.015,0.005,0.001,0.0,50000.0,10000.0,10000.0,300.0,420.0,11.5,0.0,be7ebaf2-5a2b-4094-b6a3-20ffc69b78e1,volumes,,South,,,
270,2025-07-23 11:09:08.229588,LATAM,2834.0,0.05,0.025,0.0075,0.0008,Matheus,$,0.05,0.025,0.0075,0.0015,1000.0,1000.0,1000.0,0.0,400.0,500.0,6.5,10.0,18537094-ffcb-4d85-b13c-d9e02bf37eb5,volumes,,Mexico,,,
267,2025-07-23 10:14:27.070757,India,100000.0,0.5,0.5,0.12,0.03,Kat,₹,1.0,0.5,0.12,0.03,0.0,100000.0,1000000.0,1000000.0,20000.0,30000.0,11.5,0.0,23aa2440-3e29-4491-92f2-b97f81431fdc,volumes,,South,,,
266,2025-07-23 10:08:49.369309,India,200000.0,0.5,0.5,0.12,0.03,Kat,₹,1.0,0.5,0.12,0.03,0.0,100000.0,1000000.0,1000000.0,20000.0,30000.0,11.5,0.0,f5dca020-dc0a-40b4-80ad-20b86ef30877,volumes,,South,,,
265,2025-07-23 10:07:29.904479,India,200000.0,0.5,0.5,0.12,0.03,Kat,₹,1.0,0.5,0.12,0.03,0.0,100000.0,1000000.0,1000000.0,20000.0,30000.0,11.5,0.0,3b625e4d-f6d2-4dd3-9050-6ca032b2e022,volumes,,South,,,
264,2025-07-23 10:07:07.288048,India,200000.0,0.5,0.5,0.12,0.03,Kat,₹,1.0,0.5,0.12,0.03,0.0,100000.0,1000000.0,1000000.0,20000.0,30000.0,11.5,0.0,e8c9dd7f-0351-45e1-9003-214bfaeb4df9,volumes,,South,,,
262,2025-07-23 09:58:40.627262,India,200000.0,0.5,0.5,0.12,0.03,Kat,₹,1.0,0.5,0.12,0.03,0.0,50000.0,1000000.0,1000000.0,20000.0,30000.0,6.5,0.0,d0a21f95-e201-42ac-9d33-cb417f98bf03,volumes,,South,,,
261,2025-07-23 09:55:43.772508,India,150000.0,0.5,0.5,0.12,0.03,Kat,₹,1.0,0.5,0.12,0.03,0.0,50000.0,1000000.0,1000000.0,20000.0,30000.0,9.5,0.0,3c3d8426-812b-4cd3-bdae-1c795dc05490,volumes,,South,,,
260,2025-07-23 09:52:33.310595,India,150000.0,0.5,0.5,0.12,0.03,Kat,₹,1.0,0.5,0.12,0.03,0.0,50000.0,1000000.0,1000000.0,20000.0,30000.0,9.5,0.0,01f81bec-d372-4460-9c58-4459c9e24c5a,volumes,,South,,,
255,2025-07-23 08:22:38.896592,India,100000.0,0.3,0.1,0.1,0.025,Ankit,₹,0.3,0.1,0.0,0.0,100000.0,1000000.0,0.0,0.0,20000.0,30000.0,0.0,0.0,9e9d25a5-1a54-4124-a7e1-054585b13ee7,volumes,,South,,,
250,2025-07-23 07:49:23.787989,India,100000.0,0.25,0.1,0.1,0.025,Ankit,₹,0.25,0.1,0.0,0.0,250000.0,1000000.0,0.0,0.0,20000.0,30000.0,0.0,0.0,bef5be6a-656f-4390-816d-3d135bad0677,volumes,,South,,,
249,2025-07-23 07:49:20.162563,India,100000.0,0.25,0.1,0.1,0.025,Ankit,₹,0.25,0.1,0.0,0.0,250000.0,1000000.0,0.0,0.0,20000.0,30000.0,0.0,0.0,bef5be6a-656f-4390-816d-3d135bad0677,volumes,,South,,,
248,2025-07-23 07:48:57.302613,India,100000.0,0.25,0.1,0.1,0.025,Ankit,₹,0.25,0.1,0.0,0.0,250000.0,1000000.0,0.0,0.0,20000.0,30000.0,0.0,0.0,bef5be6a-656f-4390-816d-3d135bad0677,volumes,,South,,,
247,2025-07-23 07:48:37.379626,India,100000.0,0.25,0.1,0.1,0.025,Ankit,₹,0.25,0.1,0.0,0.0,250000.0,1000000.0,0.0,0.0,20000.0,30000.0,0.0,0.0,60611072-4670-4391-894a-d4bbbefdb71e,volumes,,South,,,
246,2025-07-23 07:48:30.260758,India,100000.0,0.25,0.1,0.1,0.025,Ankit,₹,0.25,0.1,0.0,0.0,250000.0,1000000.0,0.0,0.0,20000.0,30000.0,0.0,0.0,60611072-4670-4391-894a-d4bbbefdb71e,volumes,,South,,,
245,2025-07-23 07:44:58.736167,India,100000.0,0.25,0.1,0.1,0.025,Ankit,₹,0.25,0.1,0.0,0.0,250000.0,1000000.0,0.0,0.0,20000.0,30000.0,0.0,0.0,60611072-4670-4391-894a-d4bbbefdb71e,volumes,,South,,,
244,2025-07-23 07:36:15.192013,India,200000.0,0.3,0.1,0.1,0.025,Ankit,₹,0.3,0.1,0.0,0.0,100000.0,1000000.0,0.0,0.0,20000.0,30000.0,0.0,0.0,6f96bd3a-7186-4397-94f6-478fa8612bff,volumes,,South,,,
243,2025-07-23 07:33:12.316677,India,200000.0,0.3,0.1,0.1,0.025,Ankit,₹,0.3,0.1,0.0,0.0,100000.0,1000000.0,0.0,0.0,20000.0,30000.0,3.5,0.0,865d7ddd-ef0f-4b5c-a232-abd53b1f92c9,volumes,,South,,,
242,2025-07-23 06:16:12.226635,India,100000.0,1.0,0.5,0.15,0.03,Ankit,₹,0.0,0.0,0.0,0.0,0.0,0.0,0.0,0.0,20000.0,30000.0,3.5,0.0,0e3d2594-8dc4-45cd-94ec-4ebc4dc0789a,volumes,0.0,South,,,
241,2025-07-23 06:15:18.422936,India,200000.0,1.0,0.5,0.15,0.03,Ankit,₹,0.0,0.0,0.0,0.0,0.0,0.0,0.0,0.0,20000.0,30000.0,3.5,0.0,40a57fb1-ee3c-46d6-8ce9-6c06276b68d6,volumes,0.0,South,,,
240,2025-07-23 06:14:36.312085,India,200000.0,0.25,0.12,0.05,0.025,Ankit,₹,0.25,0.12,0.05,0.0,125000.0,500000.0,500000.0,0.0,20000.0,30000.0,3.5,0.0,62117693-bd2a-483a-bcf5-35425ec553f1,volumes,,South,,,
239,2025-07-23 06:10:56.630997,India,200000.0,0.25,0.12,0.05,0.025,Ankit,₹,0.25,0.12,0.05,0.0,125000.0,500000.0,500000.0,0.0,20000.0,30000.0,5.5,10.0,23ba6dbe-0479-44ab-9484-006d2a9c2c62,volumes,,South,,,
238,2025-07-23 05:00:41.321297,India,200000.0,0.5,0.1,0.05,0.025,Ankit,₹,0.0,0.0,0.0,0.0,0.0,0.0,0.0,0.0,20000.0,30000.0,5.5,10.0,9d063bd5-229d-4071-9ceb-9039b03a073d,bundle,200000.0,South,,,
237,2025-07-22 12:26:43.444747,India,200000.0,0.85,0.35,0.08,0.015,Ankit,₹,0.0,0.0,0.0,0.0,0.0,0.0,0.0,0.0,20000.0,30000.0,5.5,10.0,9d063bd5-229d-4071-9ceb-9039b03a073d,bundle,200000.0,South,,,
236,2025-07-22 09:14:38.344529,India,200000.0,0.25,0.1,0.04,0.025,Ankit,₹,0.25,0.1,0.04,0.0,250000.0,1000000.0,1000000.0,0.0,20000.0,30000.0,5.5,10.0,636b216a-bc6a-4f36-bd2d-d139dd16dd98,volumes,,South,,,
235,2025-07-22 06:35:16.325253,India,100000.0,0.5,0.18,0.06,0.015,Kat,₹,0.0,0.18,0.06,0.015,0.0,50000.0,100000.0,100000.0,20000.0,30000.0,9.5,0.0,53a73e3e-cce9-4dc9-b450-2bbafea88274,volumes,,South,,,
234,2025-07-21 16:59:23,India,400000.0,0.5,0.25,0.06,0.015,Saathwik,₹,0.0,0.0,0.06,0.015,0.0,0.0,70000.0,60000.0,20000.0,30000.0,9.5,30.0,1e3307a4-72d3-460e-815e-19564cf8228b,volumes,,South,,,
233,2025-07-21 11:28:22.972582,India,400000.0,0.35,0.18,0.06,0.015,Saathwik,₹,0.35,0.18,0.06,0.015,30000.0,30000.0,70000.0,60000.0,20000.0,30000.0,9.5,30.0,c87ef75a-8701-44e7-a6ca-e309a48d2ec1,volumes,,South,,,
232,2025-07-21 11:28:13.778800,India,400000.0,0.35,0.18,0.06,0.015,Saathwik,₹,0.35,0.18,0.06,0.015,30000.0,30000.0,70000.0,60000.0,20000.0,30000.0,9.5,30.0,c87ef75a-8701-44e7-a6ca-e309a48d2ec1,volumes,,South,,,
231,2025-07-21 11:27:10.284677,India,400000.0,0.35,0.18,0.06,0.015,Saathwik,₹,0.35,0.18,0.06,0.015,30000.0,30000.0,70000.0,60000.0,20000.0,30000.0,9.5,30.0,c87ef75a-8701-44e7-a6ca-e309a48d2ec1,volumes,,South,,,
230,2025-07-21 11:21:06.421953,India,400000.0,0.35,0.18,0.06,0.015,Saathwik,₹,0.35,0.18,0.06,0.015,30000.0,30000.0,70000.0,60000.0,20000.0,30000.0,9.5,30.0,c87ef75a-8701-44e7-a6ca-e309a48d2ec1,volumes,,South,,,
229,2025-07-21 10:04:05.424322,India,150000.0,0.35,0.18,0.06,0.015,Saathwik,₹,0.35,0.18,0.06,0.015,30000.0,30000.0,70000.0,60000.0,20000.0,30000.0,9.5,30.0,c976d0c9-4a0a-4f92-bf4b-7d67cf13acbc,volumes,,South,,,
192,2025-07-18 06:50:54.345642,India,120000.0,0.2,0.25,0.1,0.025,Gourav,₹,0.2,0.0,0.0,0.0,1000000.0,0.0,0.0,0.0,20000.0,30000.0,1252.5,20.0,6a976bfe-0c12-47dc-8439-3607760ebeeb,volumes,,North,,,
191,2025-07-18 03:54:51.490419,India,320000.0,0.0,0.05,0.0,0.0,Ankit,₹,0.0,0.08,0.0,0.0,0.0,6000000.0,0.0,0.0,20000.0,30000.0,4.5,0.0,b743f765-b388-47e9-b81c-9b24c8782d44,volumes,,South,,,
187,2025-07-17 15:34:42,India,145000.0,0.35,0.15,0.06,0.015,Nikhil,₹,0.35,0.15,0.06,0.015,40000.0,60000.0,100000.0,100000.0,20000.0,30000.0,14.0,0.0,310f5f17-c559-47b5-ae3a-fb0c100ef4a2,volumes,,North,,,
180,2025-07-17 15:01:29,India,195000.0,0.3,0.18,0.06,0.015,Nikhil,₹,0.3,0.18,0.06,0.015,60000.0,40000.0,100000.0,100000.0,20000.0,30000.0,10.5,10.0,5cc82cec-94dc-4c48-a711-1cfcaa3450b5,volumes,,North,,,
190,2025-07-17 12:22:20.330769,LATAM,3668.0,0.0167,0.0083,0.0033,0.0008,Matheus,$,0.0167,0.0083,0.0033,0.0,500.0,500.0,500.0,0.0,440.0,605.0,7.5,10.0,a58e61a9-6529-4339-b83b-66bd6b5c8397,volumes,,Mexico,,,
184,2025-07-17 09:46:04.941054,India,145000.0,0.35,0.15,0.06,0.015,Nikhil,₹,0.35,0.15,0.06,0.015,40000.0,60000.0,100000.0,100000.0,20000.0,30000.0,14.0,0.0,936dc389-8ba5-4b38-9845-904174c2abc9,volumes,,North,,,
183,2025-07-17 09:43:18.818760,India,195000.0,0.3,0.18,0.06,0.015,Nikhil,₹,0.3,0.18,0.06,0.015,60000.0,40000.0,100000.0,100000.0,20000.0,30000.0,14.0,10.0,0fbc5d48-e432-49c2-955a-18586da9e194,volumes,,North,,,
181,2025-07-17 09:37:00.688344,India,120000.0,0.5,0.18,0.06,0.015,Kat,₹,0.0,0.18,0.06,0.015,0.0,50000.0,100000.0,100000.0,20000.0,30000.0,9.5,0.0,9982d11d-b22d-491d-b97f-97ea1cab4da1,volumes,,South,,,
179,2025-07-17 06:26:15.914078,India,120000.0,0.5,0.18,0.1,0.025,Puru,₹,0.0,0.18,0.0,0.0,0.0,25000.0,0.0,0.0,20000.0,30000.0,8.5,0.0,8c044034-f204-4a6f-9da9-34845c3b61e8,volumes,,West,,,
177,2025-07-17 06:24:20.924696,India,120000.0,0.5,0.12,0.1,0.025,Puru,₹,0.0,0.12,0.0,0.0,0.0,200000.0,0.0,0.0,20000.0,30000.0,7.5,0.0,04467a48-53ac-429f-a3ac-5d5553880813,volumes,,West,,,
176,2025-07-17 06:23:54.487405,India,120000.0,0.5,0.12,0.1,0.025,Puru,₹,0.0,0.12,0.0,0.0,0.0,200000.0,0.0,0.0,20000.0,30000.0,7.5,0.0,805ad210-fe21-400c-9eb4-20f5b6a0c624,volumes,,West,,,
175,2025-07-17 06:23:26.492851,India,620000.0,0.5,0.12,0.1,0.025,Puru,₹,0.0,0.12,0.0,0.0,0.0,200000.0,0.0,0.0,20000.0,30000.0,7.5,0.0,40e73089-3aa2-43ee-b818-dbc9c8a2fe1c,volumes,,West,,,
173,2025-07-16 11:21:00.965119,India,620000.0,0.5,0.12,0.03,0.012,Puru,₹,0.0,0.12,0.03,0.012,0.0,200000.0,2500000.0,250000.0,20000.0,30000.0,7.5,0.0,3d5ac6dd-826a-4299-92f7-5b0b8ab597e4,volumes,,West,,,
172,2025-07-16 09:05:17.241083,India,320000.0,0.0,0.05,0.0,0.0,Ankit,₹,0.0,0.08,0.0,0.0,0.0,6000000.0,0.0,0.0,20000.0,30000.0,4.5,0.0,b743f765-b388-47e9-b81c-9b24c8782d44,volumes,,South,,,
171,2025-07-16 09:02:52.649544,India,320000.0,0.5,0.08,0.1,0.025,Ankit,₹,0.0,0.08,0.0,0.0,0.0,6000000.0,0.0,0.0,20000.0,30000.0,4.5,0.0,765acb75-c61b-48de-8bb5-cf6b4aa1f400,volumes,,South,,,
170,2025-07-16 08:48:18.061548,India,320000.0,0.5,0.08,0.1,0.025,Ankit,₹,0.0,0.08,0.0,0.0,0.0,180000000.0,0.0,0.0,20000.0,30000.0,4.5,0.0,8c9b8513-9576-4472-9c38-f43f0812d8cc,volumes,,South,,,
169,2025-07-15 10:00:22.647780,India,120000.0,0.9,0.4,0.2,0.03,Saurabh,₹,0.0,0.0,0.0,0.0,0.0,0.0,0.0,0.0,20000.0,30000.0,7.5,10.0,cc2dc9ce-8d0a-4550-b43d-593e19d8fe9c,bundle,,North,,,
168,2025-07-15 07:42:51.620293,India,170000.0,0.5,0.18,0.1,0.025,Mridul,₹,0.0,0.18,0.0,0.0,0.0,20000.0,0.0,0.0,20000.0,30000.0,2.5,0.0,a4f61698-12e0-4d3a-b7a5-2c207314f182,volumes,,West,,,
167,2025-07-14 12:20:25.434982,LATAM,3668.0,0.015,0.0067,0.0025,0.0007,Mariana,$,0.0,0.0,0.0,0.0,0.0,0.0,0.0,0.0,440.0,605.0,15.5,10.0,c6b4d2cb-c752-4f34-8153-1c8e0992e919,bundle,,Brazil,,,
166,2025-07-14 11:59:52.646428,India,245000.0,0.35,0.15,0.07,0.018,Nikhil,₹,0.35,0.15,0.07,0.018,40000.0,60000.0,40000.0,40000.0,20000.0,30000.0,44.5,10.0,f31c95e9-23ba-484c-8091-73c7b162b5d1,volumes,,North,,,
160,2025-07-14 07:08:58.592632,India,720000.0,0.4,0.18,0.1,0.025,Mridul,₹,0.4,0.18,0.0,0.0,10000.0,20000.0,0.0,0.0,20000.0,30000.0,3.5,0.0,3c7a5a37-b5ad-46fd-a3a5-8b8e186a5bd6,volumes,,West,,,
158,2025-07-14 06:59:56.877304,India,120000.0,0.5,0.18,0.06,0.015,Kat,₹,0.0,0.18,0.06,0.015,0.0,50000.0,100000.0,100000.0,20000.0,30000.0,9.5,0.0,916f53cb-10d4-4ed9-b5be-0108e99abf5a,volumes,,South,,,
157,2025-07-14 06:59:31.310473,India,120000.0,0.5,0.18,0.06,0.015,Kat,₹,0.0,0.18,0.06,0.015,0.0,50000.0,100000.0,100000.0,20000.0,30000.0,8.5,0.0,888b5451-e891-4507-a304-cab6918b5e15,volumes,,South,,,
156,2025-07-14 06:58:51.079169,India,220000.0,0.4,0.18,0.06,0.015,Kat,₹,0.4,0.18,0.06,0.015,10000.0,50000.0,100000.0,100000.0,20000.0,30000.0,8.5,10.0,9eac79a4-5fa2-4dfc-8b1f-49141b7763b5,volumes,,South,,,
155,2025-07-14 06:51:16.033714,India,670000.0,1.0,0.35,0.05,0.03,Ankit,₹,0.0,0.1,0.05,0.0,0.0,1000000.0,200000.0,0.0,18000.0,1.0,24.5,0.0,289a3da3-2504-4bea-ac0f-fe213caf3230,volumes,,South,,,
154,2025-07-14 06:44:15.577318,India,220000.0,0.4,0.18,0.06,0.015,Kat,₹,0.4,0.18,0.06,0.015,10000.0,50000.0,100000.0,100000.0,20000.0,30000.0,8.5,10.0,9eac79a4-5fa2-4dfc-8b1f-49141b7763b5,volumes,,South,,,
153,2025-07-14 06:09:36.491359,India,220000.0,0.4,0.18,0.06,0.015,Kat,₹,0.4,0.18,0.06,0.015,10000.0,50000.0,100000.0,100000.0,20000.0,30000.0,9.5,10.0,178c6921-eaf2-4ea6-a6bd-2ad67268dd83,volumes,,South,,,
152,2025-07-14 06:08:56.758114,India,220000.0,1.0,0.5,0.05,0.03,Kat,₹,0.4,0.18,0.06,0.015,10000.0,50000.0,100000.0,100000.0,10000.0,15000.0,9.5,10.0,,volumes,,South,,,
151,2025-07-11 17:51:10.251642,LATAM,2834.0,0.015,0.0067,0.0025,0.0007,Mariana,$,0.0,0.0,0.0,0.0,0.0,0.0,0.0,0.0,633.0,853.0,8.0,0.0,b626eb53-05a3-42c7-97b9-9265ab4c30cb,bundle,,Brazil,,,
134,2025-07-11 09:48:00.402527,India,120000.0,1.0,0.5,0.2,0.05,Saurabh,₹,0.0,0.0,0.0,0.0,0.0,0.0,0.0,0.0,20000.0,30000.0,15.0,0.0,4c830f28-aa52-4ed8-9e28-a959492d8c3f,bundle,,North,,,
133,2025-07-11 09:39:34.837378,India,120000.0,1.0,0.5,0.2,0.05,Saurabh,₹,0.0,0.0,0.0,0.0,0.0,0.0,0.0,0.0,20000.0,30000.0,6.0,0.0,f419e9b4-7fdd-4193-9d85-22e6f5e41cc6,bundle,,North,,,
132,2025-07-11 09:35:59.305949,India,120000.0,1.0,0.5,0.2,0.05,Saurabh,₹,0.0,0.0,0.0,0.0,0.0,0.0,0.0,0.0,20000.0,30000.0,8.0,0.0,ebf39043-3dc5-439c-bcbf-03c8d5824825,bundle,,North,,,
131,2025-07-11 09:30:00.367920,India,120000.0,1.0,0.5,0.2,0.05,Saurabh,₹,0.0,0.0,0.0,0.0,0.0,0.0,0.0,0.0,20000.0,30000.0,16.0,0.0,7abb8c66-0753-4ea1-a1bd-3301f48411b2,bundle,,North,,,
130,2025-07-11 09:23:16.886630,India,120000.0,1.0,0.5,0.2,0.05,Saurabh,₹,0.0,0.0,0.0,0.0,0.0,0.0,0.0,0.0,20000.0,30000.0,18.0,0.0,a4bff92e-bc9b-4286-a997-401b61141b89,bundle,,North,,,
129,2025-07-11 09:20:09.758218,India,120000.0,1.0,0.5,0.2,0.05,Saurabh,₹,0.0,0.0,0.0,0.0,0.0,0.0,0.0,0.0,20000.0,30000.0,16.0,0.0,8aa13fea-91d0-4474-a85d-b7e4f3d1da07,bundle,,North,,,
128,2025-07-11 09:00:08.688323,India,120000.0,1.0,0.5,0.2,0.05,Saurabh,₹,0.0,0.0,0.0,0.0,0.0,0.0,0.0,0.0,20000.0,30000.0,7.5,0.0,e449ec54-6f24-4818-994e-adb206caf35a,bundle,,North,,,
127,2025-07-11 08:57:40.650787,India,120000.0,1.0,0.5,0.2,0.05,Saurabh,₹,0.0,0.0,0.0,0.0,0.0,0.0,0.0,0.0,20000.0,30000.0,19.5,0.0,a1a7ee7f-5eb8-4c52-9cb2-570becd7dda9,bundle,,North,,,
126,2025-07-11 08:41:47.400643,India,120000.0,1.0,0.5,0.2,0.05,Saurabh,₹,0.0,0.0,0.0,0.0,0.0,0.0,0.0,0.0,20000.0,30000.0,9.5,0.0,5ad1b73d-2062-4464-8933-a6b3fcda5faa,bundle,,North,,,
125,2025-07-11 08:39:41.655304,India,120000.0,1.0,0.5,0.2,0.05,Saurabh,₹,0.0,0.0,0.0,0.0,0.0,0.0,0.0,0.0,20000.0,30000.0,9.5,0.0,bf0eb519-bb67-4f23-a4b6-e7297c2e1a71,bundle,,North,,,
122,2025-07-11 08:09:09.826629,India,120000.0,1.0,0.5,0.2,0.05,Saurabh,₹,0.0,0.0,0.0,0.0,0.0,0.0,0.0,0.0,20000.0,30000.0,9.5,0.0,bf0eb519-bb67-4f23-a4b6-e7297c2e1a71,bundle,,North,,,
120,2025-07-11 08:07:40.660552,India,120000.0,1.0,0.5,0.2,0.05,Saurabh,₹,0.0,0.0,0.0,0.0,0.0,0.0,0.0,0.0,20000.0,30000.0,9.5,0.0,af36b5e3-e857-49d7-b664-2606078c4922,bundle,,North,,,
116,2025-07-11 06:24:02.824282,India,120000.0,1.0,0.4,0.05,0.03,Puru,₹,0.0,0.4,0.05,0.03,0.0,200000.0,2500000.0,250000.0,20000.0,30000.0,8.5,0.0,0e6ba040-99b8-46f4-8efe-2b7e213ecb5b,volumes,,West,,,
115,2025-07-11 06:19:31.088148,India,370000.0,1.0,0.4,0.05,0.03,Puru,₹,0.0,0.4,0.05,0.03,0.0,200000.0,2500000.0,250000.0,20000.0,30000.0,8.5,0.0,53bbf062-3bb0-41f2-8e27-780860130aa5,volumes,,West,,,
113,2025-07-11 06:13:29.796616,India,120000.0,1.0,0.5,0.2,0.05,Saurabh,₹,0.0,0.0,0.0,0.0,0.0,0.0,0.0,0.0,20000.0,30000.0,7.5,0.0,b37c84ec-d94a-47c7-8a5b-5535dd64cec1,bundle,,North,,,
112,2025-07-11 06:06:44.018389,India,120000.0,1.0,0.5,0.05,0.03,Saurabh,₹,0.0,0.5,0.0,0.0,0.0,10000.0,0.0,0.0,20000.0,30000.0,9.5,0.0,b323d9af-2338-490a-aa63-3d783492c5ca,volumes,,North,,,
110,2025-07-10 18:31:11.862890,India,370000.0,1.0,0.5,0.05,0.03,Puru,₹,0.0,0.5,0.0,0.0,0.0,10000.0,0.0,0.0,20000.0,30000.0,8.5,0.0,f8ca9b19-9b6b-4aa4-83ec-698c6e52c581,volumes,,West,,,
109,2025-07-10 18:29:30.135541,India,620000.0,1.0,0.5,0.05,0.03,Puru,₹,0.0,0.5,0.0,0.0,0.0,10000.0,0.0,0.0,20000.0,30000.0,8.5,0.0,344dc5bd-ccfb-4047-a9ef-c01e19d58cec,volumes,,West,,,
84,2025-07-10 11:53:12.058454,India,120000.0,1.0,0.5,0.05,0.03,Puru,₹,0.0,0.5,0.0,0.0,0.0,20000.0,0.0,0.0,20000.0,30000.0,8.5,0.0,f99cb179-51f4-4f2f-bb3d-f1ff07f80a08,volumes,,West,,,
83,2025-07-10 11:38:38.144806,India,120000.0,1.0,0.5,0.05,0.03,Puru,₹,0.0,0.5,0.0,0.0,0.0,20000.0,0.0,0.0,20000.0,30000.0,8.5,0.0,39907112-b459-4b72-ba00-b20079484a50,volumes,,West,,,
82,2025-07-10 11:03:24.236434,India,295000.0,0.9,0.45,0.05,0.03,Nikhil,₹,0.9,0.45,0.05,0.03,20000.0,60000.0,100000.0,1000000.0,20000.0,30000.0,22.5,10.0,20551ba6-6b6c-48fd-ab6c-662a90667790,volumes,,North,,,
81,2025-07-10 10:11:59.538091,India,295000.0,0.9,0.45,0.05,0.03,Nikhil,₹,0.9,0.45,0.05,0.03,20000.0,60000.0,100000.0,1000000.0,20000.0,30000.0,35.5,10.0,88a3d7ff-fb93-4b7a-b22b-4eec0e547d4d,volumes,,North,,,
79,2025-07-10 09:54:40.101781,India,420000.0,0.9,0.45,0.05,0.03,Nikhil,₹,0.9,0.45,0.05,0.03,20000.0,60000.0,100000.0,1000000.0,20000.0,30000.0,28.5,20.0,52d7347a-a9fa-4948-bcb7-54794735c522,volumes,,North,,,
78,2025-07-10 09:44:17.330077,India,420000.0,0.9,0.45,0.05,0.03,Nikhil,₹,0.9,0.45,0.05,0.03,20000.0,60000.0,100000.0,1000000.0,94.0,30000.0,28.5,20.0,7a349e7d-0c20-4252-8821-03fee233d4a6,volumes,,North,,,
77,2025-07-10 09:31:04.906660,India,420000.0,0.9,0.45,0.05,0.03,Nikhil,₹,0.9,0.45,0.05,0.03,20000.0,60000.0,100000.0,1000000.0,60.0,30000.0,28.5,20.0,2c43d5cd-28e0-4a3d-948a-b42d50fe852f,volumes,,North,,,
69,2025-07-10 06:00:36.704049,India,1000000.0,1.0,0.5,0.05,0.03,Mridul,₹,0.0,0.5,0.0,0.0,0.0,20000.0,0.0,0.0,25000.0,40000.0,11.0,0.0,c4b0e2a3-2f6d-45bf-bd51-3b198ec27757,volumes,,West,,,
68,2025-07-10 05:52:08.261411,India,650000.0,1.0,0.35,0.05,0.03,Ankit,₹,0.0,0.35,0.05,0.0,0.0,1000000.0,200000.0,0.0,18000.0,1.0,25.5,0.0,289a3da3-2504-4bea-ac0f-fe213caf3230,volumes,,South,,,
61,2025-07-09 08:19:45.201989,India,200000.0,0.8,0.35,0.05,0.03,Ankit,₹,0.8,0.35,0.05,0.0,200000.0,800000.0,400000.0,0.0,0.0,40000.0,3.5,0.0,,volumes,,South,,,
60,2025-07-09 07:23:27.742708,India,200000.0,0.8,0.35,0.05,0.03,Ankit,₹,0.8,0.35,0.05,0.0,200000.0,800000.0,400000.0,0.0,0.0,40000.0,3.5,0.0,,volumes,,South,,,
59,2025-07-08 10:41:09.563164,India,150000.0,0.9,0.5,0.05,0.03,Saathwik,₹,0.9,0.5,0.05,0.03,30000.0,30000.0,30000.0,30000.0,25000.0,40000.0,8.5,10.0,,volumes,,South,,,
35,2025-07-07 13:39:07,India,150000.0,1.0,0.5,0.05,0.03,Mridul,₹,0.0,0.5,0.0,0.0,0.0,20000.0,0.0,0.0,0.0,0.0,0.0,0.0,,volumes,,West,,,
16,2025-07-03 17:36:36,LATAM,2000.0,0.12,0.06,0.006,0.004,Mariana,$,,,,,,,,,0.0,0.0,0.0,0.0,,bundle,,Brazil,,,
14,2025-07-02 14:10:44,India,550000.0,1.0,0.5,0.05,0.03,Kat,₹,,,,,,,,,0.0,0.0,0.0,0.0,,bundle,,South,,,
13,2025-07-02 13:04:01,India,500000.0,1.0,0.5,0.05,0.03,Kat,₹,,,,,,,,,0.0,0.0,0.0,0.0,,bundle,,South,,,
12,2025-07-02 13:02:29,India,850000.0,0.8,0.5,0.05,0.03,Kat,₹,,,,,,,,,0.0,0.0,0.0,0.0,,bundle,,South,,,
11,2025-07-02 12:26:01,India,850000.0,0.8,0.5,0.05,0.03,Kat,₹,,,,,,,,,0.0,0.0,0.0,0.0,,bundle,,South,,,
10,2025-07-02 12:22:47,India,550000.0,1.0,0.5,0.05,0.03,Kat,₹,,,,,,,,,0.0,0.0,0.0,0.0,,bundle,,South,,,
